DATE,US Interest
7/31/2001,3.67
8/1/2001,3.65
8/2/2001,3.65
8/3/2001,3.63
8/6/2001,3.62
8/7/2001,3.63
8/8/2001,3.61
8/9/2001,3.61
8/10/2001,3.58
8/13/2001,3.57
8/14/2001,3.54
8/15/2001,3.52
8/16/2001,3.48
8/17/2001,3.46
8/20/2001,3.48
8/21/2001,3.46
8/22/2001,3.46
8/23/2001,3.49
8/24/2001,3.49
8/27/2001,3.52
8/28/2001,3.53
8/29/2001,3.48
8/30/2001,3.41
8/31/2001,3.4
9/3/2001,.
9/4/2001,3.43
9/5/2001,3.49
9/6/2001,3.44
9/7/2001,3.4
9/10/2001,3.4
9/11/2001,.
9/12/2001,.
9/13/2001,2.73
9/14/2001,2.54
9/17/2001,2.47
9/18/2001,2.34
9/19/2001,2
9/20/2001,2.04
9/21/2001,2.12
9/24/2001,2.38
9/25/2001,2.58
9/26/2001,2.51
9/27/2001,2.34
9/28/2001,2.28
10/1/2001,2.26
10/2/2001,2.27
10/3/2001,2.21
10/4/2001,2.22
10/5/2001,2.21
10/8/2001,.
10/9/2001,2.24
10/10/2001,2.3
10/11/2001,2.3
10/12/2001,2.31
10/15/2001,2.33
10/16/2001,2.32
10/17/2001,2.34
10/18/2001,2.28
10/19/2001,2.29
10/22/2001,2.29
10/23/2001,2.32
10/24/2001,2.3
10/25/2001,2.27
10/26/2001,2.26
10/29/2001,2.24
10/30/2001,2.17
10/31/2001,2.15
11/1/2001,2.18
11/2/2001,2.09
11/5/2001,2.06
11/6/2001,1.98
11/7/2001,1.93
11/8/2001,1.93
11/9/2001,1.92
11/12/2001,.
11/13/2001,1.94
11/14/2001,1.99
11/15/2001,1.99
11/16/2001,2.02
11/19/2001,2.02
11/20/2001,2.02
11/21/2001,2
11/22/2001,.
11/23/2001,2
11/26/2001,2
11/27/2001,2.01
11/28/2001,1.96
11/29/2001,1.9
11/30/2001,1.87
12/3/2001,1.85
12/4/2001,1.81
12/5/2001,1.77
12/6/2001,1.73
12/7/2001,1.69
12/10/2001,1.68
12/11/2001,1.66
12/12/2001,1.69
12/13/2001,1.69
12/14/2001,1.7
12/17/2001,1.72
12/18/2001,1.72
12/19/2001,1.69
12/20/2001,1.67
12/21/2001,1.67
12/24/2001,1.66
12/25/2001,.
12/26/2001,1.77
12/27/2001,1.75
12/28/2001,1.73
12/31/2001,1.68
1/1/2002,.
1/2/2002,1.73
1/3/2002,1.73
1/4/2002,1.72
1/7/2002,1.7
1/8/2002,1.7
1/9/2002,1.68
1/10/2002,1.66
1/11/2002,1.62
1/14/2002,1.62
1/15/2002,1.64
1/16/2002,1.62
1/17/2002,1.6
1/18/2002,1.59
1/21/2002,.
1/22/2002,1.67
1/23/2002,1.7
1/24/2002,1.69
1/25/2002,1.69
1/28/2002,1.71
1/29/2002,1.72
1/30/2002,1.7
1/31/2002,1.69
2/1/2002,1.69
2/4/2002,1.7
2/5/2002,1.74
2/6/2002,1.73
2/7/2002,1.71
2/8/2002,1.69
2/11/2002,1.73
2/12/2002,1.76
2/13/2002,1.75
2/14/2002,1.75
2/15/2002,1.72
2/18/2002,.
2/19/2002,1.73
2/20/2002,1.75
2/21/2002,1.76
2/22/2002,1.75
2/25/2002,1.76
2/26/2002,1.78
2/27/2002,1.77
2/28/2002,1.76
3/1/2002,1.78
3/4/2002,1.77
3/5/2002,1.78
3/6/2002,1.77
3/7/2002,1.77
3/8/2002,1.77
3/11/2002,1.8
3/12/2002,1.82
3/13/2002,1.8
3/14/2002,1.79
3/15/2002,1.79
3/18/2002,1.77
3/19/2002,1.81
3/20/2002,1.79
3/21/2002,1.78
3/22/2002,1.78
3/25/2002,1.78
3/26/2002,1.82
3/27/2002,1.77
3/28/2002,1.76
3/29/2002,.
4/1/2002,1.79
4/2/2002,1.79
4/3/2002,1.77
4/4/2002,1.77
4/5/2002,1.76
4/8/2002,1.76
4/9/2002,1.73
4/10/2002,1.72
4/11/2002,1.72
4/12/2002,1.71
4/15/2002,1.71
4/16/2002,1.71
4/17/2002,1.71
4/18/2002,1.7
4/19/2002,1.69
4/22/2002,1.67
4/23/2002,1.68
4/24/2002,1.67
4/25/2002,1.68
4/26/2002,1.68
4/29/2002,1.73
4/30/2002,1.77
5/1/2002,1.76
5/2/2002,1.74
5/3/2002,1.73
5/6/2002,1.74
5/7/2002,1.77
5/8/2002,1.76
5/9/2002,1.74
5/10/2002,1.73
5/13/2002,1.77
5/14/2002,1.78
5/15/2002,1.76
5/16/2002,1.74
5/17/2002,1.73
5/20/2002,1.73
5/21/2002,1.73
5/22/2002,1.72
5/23/2002,1.73
5/24/2002,1.71
5/27/2002,.
5/28/2002,1.73
5/29/2002,1.73
5/30/2002,1.73
5/31/2002,1.72
6/3/2002,1.72
6/4/2002,1.73
6/5/2002,1.75
6/6/2002,1.74
6/7/2002,1.74
6/10/2002,1.75
6/11/2002,1.75
6/12/2002,1.74
6/13/2002,1.71
6/14/2002,1.71
6/17/2002,1.7
6/18/2002,1.7
6/19/2002,1.69
6/20/2002,1.68
6/21/2002,1.68
6/24/2002,1.66
6/25/2002,1.74
6/26/2002,1.72
6/27/2002,1.7
6/28/2002,1.69
7/1/2002,1.71
7/2/2002,1.72
7/3/2002,1.71
7/4/2002,.
7/5/2002,1.71
7/8/2002,1.73
7/9/2002,1.72
7/10/2002,1.73
7/11/2002,1.72
7/12/2002,1.71
7/15/2002,1.71
7/16/2002,1.74
7/17/2002,1.72
7/18/2002,1.72
7/19/2002,1.71
7/22/2002,1.71
7/23/2002,1.73
7/24/2002,1.7
7/25/2002,1.71
7/26/2002,1.71
7/29/2002,1.73
7/30/2002,1.73
7/31/2002,1.73
8/1/2002,1.7
8/2/2002,1.66
8/5/2002,1.68
8/6/2002,1.71
8/7/2002,1.66
8/8/2002,1.67
8/9/2002,1.66
8/12/2002,1.68
8/13/2002,1.68
8/14/2002,1.68
8/15/2002,1.66
8/16/2002,1.66
8/19/2002,1.67
8/20/2002,1.69
8/21/2002,1.68
8/22/2002,1.66
8/23/2002,1.66
8/26/2002,1.68
8/27/2002,1.69
8/28/2002,1.71
8/29/2002,1.71
8/30/2002,1.7
9/2/2002,.
9/3/2002,1.69
9/4/2002,1.69
9/5/2002,1.66
9/6/2002,1.68
9/9/2002,1.7
9/10/2002,1.72
9/11/2002,1.71
9/12/2002,1.7
9/13/2002,1.68
9/16/2002,1.69
9/17/2002,1.7
9/18/2002,1.7
9/19/2002,1.64
9/20/2002,1.64
9/23/2002,1.65
9/24/2002,1.68
9/25/2002,1.67
9/26/2002,1.66
9/27/2002,1.63
9/30/2002,1.6
10/1/2002,1.63
10/2/2002,1.61
10/3/2002,1.58
10/4/2002,1.6
10/7/2002,1.61
10/8/2002,1.62
10/9/2002,1.6
10/10/2002,1.59
10/11/2002,1.59
10/14/2002,.
10/15/2002,1.66
10/16/2002,1.66
10/17/2002,1.66
10/18/2002,1.66
10/21/2002,1.69
10/22/2002,1.71
10/23/2002,1.68
10/24/2002,1.64
10/25/2002,1.63
10/28/2002,1.59
10/29/2002,1.58
10/30/2002,1.56
10/31/2002,1.48
11/1/2002,1.44
11/4/2002,1.44
11/5/2002,1.44
11/6/2002,1.24
11/7/2002,1.2
11/8/2002,1.19
11/11/2002,.
11/12/2002,1.2
11/13/2002,1.22
11/14/2002,1.22
11/15/2002,1.23
11/18/2002,1.24
11/19/2002,1.23
11/20/2002,1.22
11/21/2002,1.23
11/22/2002,1.23
11/25/2002,1.24
11/26/2002,1.27
11/27/2002,1.28
11/28/2002,.
11/29/2002,1.25
12/2/2002,1.26
12/3/2002,1.23
12/4/2002,1.23
12/5/2002,1.23
12/6/2002,1.23
12/9/2002,1.24
12/10/2002,1.23
12/11/2002,1.23
12/12/2002,1.2
12/13/2002,1.2
12/16/2002,1.2
12/17/2002,1.22
12/18/2002,1.2
12/19/2002,1.19
12/20/2002,1.18
12/23/2002,1.15
12/24/2002,1.17
12/25/2002,.
12/26/2002,1.14
12/27/2002,1.07
12/30/2002,1.15
12/31/2002,1.2
1/1/2003,.
1/2/2003,1.18
1/3/2003,1.18
1/6/2003,1.17
1/7/2003,1.17
1/8/2003,1.17
1/9/2003,1.18
1/10/2003,1.17
1/13/2003,1.17
1/14/2003,1.18
1/15/2003,1.17
1/16/2003,1.17
1/17/2003,1.17
1/20/2003,.
1/21/2003,1.17
1/22/2003,1.17
1/23/2003,1.16
1/24/2003,1.14
1/27/2003,1.15
1/28/2003,1.19
1/29/2003,1.18
1/30/2003,1.17
1/31/2003,1.17
2/3/2003,1.16
2/4/2003,1.18
2/5/2003,1.18
2/6/2003,1.17
2/7/2003,1.17
2/10/2003,1.17
2/11/2003,1.19
2/12/2003,1.18
2/13/2003,1.18
2/14/2003,1.19
2/17/2003,.
2/18/2003,1.19
2/19/2003,1.19
2/20/2003,1.19
2/21/2003,1.2
2/24/2003,1.21
2/25/2003,1.25
2/26/2003,1.26
2/27/2003,1.24
2/28/2003,1.21
3/3/2003,1.2
3/4/2003,1.23
3/5/2003,1.21
3/6/2003,1.2
3/7/2003,1.16
3/10/2003,1.13
3/11/2003,1.15
3/12/2003,1.15
3/13/2003,1.15
3/14/2003,1.14
3/17/2003,1.16
3/18/2003,1.19
3/19/2003,1.19
3/20/2003,1.19
3/21/2003,1.18
3/24/2003,1.18
3/25/2003,1.21
3/26/2003,1.19
3/27/2003,1.18
3/28/2003,1.15
3/31/2003,1.16
4/1/2003,1.17
4/2/2003,1.17
4/3/2003,1.17
4/4/2003,1.17
4/7/2003,1.19
4/8/2003,1.19
4/9/2003,1.17
4/10/2003,1.18
4/11/2003,1.18
4/14/2003,1.19
4/15/2003,1.17
4/16/2003,1.15
4/17/2003,1.14
4/18/2003,.
4/21/2003,1.14
4/22/2003,1.14
4/23/2003,1.14
4/24/2003,1.13
4/25/2003,1.13
4/28/2003,1.13
4/29/2003,1.14
4/30/2003,1.13
5/1/2003,1.09
5/2/2003,1.07
5/5/2003,1.08
5/6/2003,1.09
5/7/2003,1.08
5/8/2003,1.06
5/9/2003,1.07
5/12/2003,1.07
5/13/2003,1.02
5/14/2003,0.95
5/15/2003,0.98
5/16/2003,0.98
5/19/2003,1.01
5/20/2003,1.02
5/21/2003,1.14
5/22/2003,1.13
5/23/2003,1.14
5/26/2003,.
5/27/2003,1.15
5/28/2003,1.21
5/29/2003,1.18
5/30/2003,1.16
6/2/2003,1.17
6/3/2003,1.17
6/4/2003,1.15
6/5/2003,1.12
6/6/2003,1.14
6/9/2003,1.14
6/10/2003,1.1
6/11/2003,1.07
6/12/2003,1.02
6/13/2003,0.92
6/16/2003,0.93
6/17/2003,0.93
6/18/2003,0.9
6/19/2003,0.83
6/20/2003,0.81
6/23/2003,0.83
6/24/2003,0.82
6/25/2003,0.92
6/26/2003,0.86
6/27/2003,0.8
6/30/2003,0.81
7/1/2003,0.89
7/2/2003,0.87
7/3/2003,0.87
7/4/2003,.
7/7/2003,0.9
7/8/2003,0.92
7/9/2003,0.9
7/10/2003,0.89
7/11/2003,0.89
7/14/2003,0.88
7/15/2003,0.88
7/16/2003,0.85
7/17/2003,0.84
7/18/2003,0.84
7/21/2003,0.86
7/22/2003,0.89
7/23/2003,0.9
7/24/2003,0.91
7/25/2003,0.92
7/28/2003,0.97
7/29/2003,0.99
7/30/2003,0.94
7/31/2003,0.91
8/1/2003,0.91
8/4/2003,0.91
8/5/2003,0.93
8/6/2003,0.92
8/7/2003,0.91
8/8/2003,0.91
8/11/2003,0.92
8/12/2003,0.93
8/13/2003,0.95
8/14/2003,0.96
8/15/2003,0.92
8/18/2003,0.97
8/19/2003,0.96
8/20/2003,0.94
8/21/2003,0.95
8/22/2003,0.96
8/25/2003,0.97
8/26/2003,1.01
8/27/2003,1
8/28/2003,0.99
8/29/2003,0.98
9/1/2003,.
9/2/2003,0.98
9/3/2003,0.98
9/4/2003,0.96
9/5/2003,0.95
9/8/2003,0.95
9/9/2003,0.95
9/10/2003,0.94
9/11/2003,0.93
9/12/2003,0.91
9/15/2003,0.91
9/16/2003,0.91
9/17/2003,0.9
9/18/2003,0.89
9/19/2003,0.88
9/22/2003,0.88
9/23/2003,0.89
9/24/2003,0.89
9/25/2003,0.88
9/26/2003,0.87
9/29/2003,0.87
9/30/2003,0.87
10/1/2003,0.88
10/2/2003,0.86
10/3/2003,0.87
10/6/2003,0.87
10/7/2003,0.85
10/8/2003,0.88
10/9/2003,0.9
10/10/2003,0.89
10/13/2003,.
10/14/2003,0.89
10/15/2003,0.9
10/16/2003,0.9
10/17/2003,0.9
10/20/2003,0.9
10/21/2003,0.92
10/22/2003,0.92
10/23/2003,0.92
10/24/2003,0.92
10/27/2003,0.95
10/28/2003,0.98
10/29/2003,0.98
10/30/2003,0.97
10/31/2003,0.96
11/3/2003,0.97
11/4/2003,0.97
11/5/2003,0.96
11/6/2003,0.95
11/7/2003,0.95
11/10/2003,0.92
11/11/2003,.
11/12/2003,0.92
11/13/2003,0.91
11/14/2003,0.92
11/17/2003,0.93
11/18/2003,0.95
11/19/2003,0.94
11/20/2003,0.93
11/21/2003,0.93
11/24/2003,0.94
11/25/2003,0.97
11/26/2003,0.97
11/27/2003,.
11/28/2003,0.96
12/1/2003,0.96
12/2/2003,0.96
12/3/2003,0.96
12/4/2003,0.94
12/5/2003,0.93
12/8/2003,0.94
12/9/2003,0.93
12/10/2003,0.92
12/11/2003,0.87
12/12/2003,0.88
12/15/2003,0.87
12/16/2003,0.88
12/17/2003,0.85
12/18/2003,0.86
12/19/2003,0.87
12/22/2003,0.88
12/23/2003,0.89
12/24/2003,0.87
12/25/2003,.
12/26/2003,0.76
12/29/2003,0.79
12/30/2003,0.88
12/31/2003,0.9
1/1/2004,.
1/2/2004,0.88
1/5/2004,0.88
1/6/2004,0.88
1/7/2004,0.88
1/8/2004,0.87
1/9/2004,0.87
1/12/2004,0.88
1/13/2004,0.86
1/14/2004,0.85
1/15/2004,0.82
1/16/2004,0.8
1/19/2004,.
1/20/2004,0.8
1/21/2004,0.82
1/22/2004,0.74
1/23/2004,0.79
1/26/2004,0.82
1/27/2004,0.89
1/28/2004,0.89
1/29/2004,0.87
1/30/2004,0.85
2/2/2004,0.87
2/3/2004,0.93
2/4/2004,0.91
2/5/2004,0.89
2/6/2004,0.89
2/9/2004,0.89
2/10/2004,0.91
2/11/2004,0.89
2/12/2004,0.9
2/13/2004,0.9
2/16/2004,.
2/17/2004,0.9
2/18/2004,0.93
2/19/2004,0.93
2/20/2004,0.93
2/23/2004,0.95
2/24/2004,0.97
2/25/2004,0.96
2/26/2004,0.97
2/27/2004,0.95
3/1/2004,0.97
3/2/2004,0.98
3/3/2004,0.97
3/4/2004,0.97
3/5/2004,0.95
3/8/2004,0.95
3/9/2004,0.98
3/10/2004,0.97
3/11/2004,0.96
3/12/2004,0.96
3/15/2004,0.94
3/16/2004,0.97
3/17/2004,0.94
3/18/2004,0.93
3/19/2004,0.93
3/22/2004,0.94
3/23/2004,0.96
3/24/2004,0.95
3/25/2004,0.95
3/26/2004,0.94
3/29/2004,0.95
3/30/2004,0.97
3/31/2004,0.96
4/1/2004,0.95
4/2/2004,0.93
4/5/2004,0.94
4/6/2004,0.94
4/7/2004,0.94
4/8/2004,0.93
4/9/2004,.
4/12/2004,0.92
4/13/2004,0.91
4/14/2004,0.92
4/15/2004,0.92
4/16/2004,0.91
4/19/2004,0.92
4/20/2004,0.93
4/21/2004,0.93
4/22/2004,0.81
4/23/2004,0.87
4/26/2004,0.88
4/27/2004,0.91
4/28/2004,0.87
4/29/2004,0.85
4/30/2004,0.83
5/3/2004,0.83
5/4/2004,0.93
5/5/2004,0.9
5/6/2004,0.89
5/7/2004,0.9
5/10/2004,0.89
5/11/2004,0.91
5/12/2004,0.9
5/13/2004,0.88
5/14/2004,0.87
5/17/2004,0.9
5/18/2004,0.91
5/19/2004,0.91
5/20/2004,0.9
5/21/2004,0.91
5/24/2004,0.92
5/25/2004,0.95
5/26/2004,0.94
5/27/2004,0.94
5/28/2004,0.94
5/31/2004,.
6/1/2004,0.97
6/2/2004,0.97
6/3/2004,0.96
6/4/2004,0.96
6/7/2004,0.97
6/8/2004,1.03
6/9/2004,1.03
6/10/2004,1.02
6/11/2004,.
6/14/2004,1.07
6/15/2004,1.09
6/16/2004,1.05
6/17/2004,1.02
6/18/2004,1.03
6/21/2004,1.04
6/22/2004,1.08
6/23/2004,1.08
6/24/2004,1.1
6/25/2004,1.1
6/28/2004,1.12
6/29/2004,1.19
6/30/2004,1.17
7/1/2004,1.01
7/2/2004,1.07
7/5/2004,.
7/6/2004,1.11
7/7/2004,1.16
7/8/2004,1.14
7/9/2004,1.14
7/12/2004,1.16
7/13/2004,1.19
7/14/2004,1.17
7/15/2004,1.15
7/16/2004,1.15
7/19/2004,1.16
7/20/2004,1.22
7/21/2004,1.21
7/22/2004,1.21
7/23/2004,1.23
7/26/2004,1.29
7/27/2004,1.35
7/28/2004,1.32
7/29/2004,1.29
7/30/2004,1.27
8/2/2004,1.28
8/3/2004,1.37
8/4/2004,1.34
8/5/2004,1.34
8/6/2004,1.36
8/9/2004,1.4
8/10/2004,1.42
8/11/2004,1.4
8/12/2004,1.31
8/13/2004,1.32
8/16/2004,1.36
8/17/2004,1.38
8/18/2004,1.37
8/19/2004,1.35
8/20/2004,1.34
8/23/2004,1.33
8/24/2004,1.39
8/25/2004,1.38
8/26/2004,1.4
8/27/2004,1.43
8/30/2004,1.45
8/31/2004,1.45
9/1/2004,1.43
9/2/2004,1.46
9/3/2004,1.49
9/6/2004,.
9/7/2004,1.53
9/8/2004,1.57
9/9/2004,1.57
9/10/2004,1.6
9/13/2004,1.59
9/14/2004,1.57
9/15/2004,1.56
9/16/2004,1.55
9/17/2004,1.58
9/20/2004,1.6
9/21/2004,1.62
9/22/2004,1.53
9/23/2004,1.53
9/24/2004,1.53
9/27/2004,1.59
9/28/2004,1.62
9/29/2004,1.52
9/30/2004,1.47
10/1/2004,1.52
10/4/2004,1.54
10/5/2004,1.57
10/6/2004,1.56
10/7/2004,1.56
10/8/2004,1.56
10/11/2004,.
10/12/2004,1.59
10/13/2004,1.59
10/14/2004,1.6
10/15/2004,1.59
10/18/2004,1.61
10/19/2004,1.63
10/20/2004,1.62
10/21/2004,1.64
10/22/2004,1.65
10/25/2004,1.73
10/26/2004,1.82
10/27/2004,1.78
10/28/2004,1.71
10/29/2004,1.73
11/1/2004,1.79
11/2/2004,1.86
11/3/2004,1.83
11/4/2004,1.85
11/5/2004,1.86
11/8/2004,1.88
11/9/2004,1.89
11/10/2004,1.88
11/11/2004,.
11/12/2004,1.91
11/15/2004,1.92
11/16/2004,1.93
11/17/2004,1.9
11/18/2004,1.91
11/19/2004,1.98
11/22/2004,1.98
11/23/2004,1.99
11/24/2004,1.98
11/25/2004,.
11/26/2004,2.01
11/29/2004,2.02
11/30/2004,2.07
12/1/2004,2.06
12/2/2004,2.06
12/3/2004,2.06
12/6/2004,2.09
12/7/2004,2.08
12/8/2004,2.08
12/9/2004,2.07
12/10/2004,2.07
12/13/2004,2.04
12/14/2004,2.01
12/15/2004,1.98
12/16/2004,1.93
12/17/2004,1.95
12/20/2004,1.97
12/21/2004,1.92
12/22/2004,1.84
12/23/2004,1.83
12/24/2004,.
12/27/2004,1.9
12/28/2004,1.88
12/29/2004,1.76
12/30/2004,1.68
12/31/2004,1.89
1/3/2005,1.99
1/4/2005,2.05
1/5/2005,2.04
1/6/2005,2.04
1/7/2005,2.03
1/10/2005,2.07
1/11/2005,2.03
1/12/2005,2.01
1/13/2005,2.06
1/14/2005,2.06
1/17/2005,.
1/18/2005,2.05
1/19/2005,1.95
1/20/2005,1.89
1/21/2005,2.02
1/24/2005,2.05
1/25/2005,2.13
1/26/2005,2.16
1/27/2005,2.16
1/28/2005,2.12
1/31/2005,2.06
2/1/2005,2.23
2/2/2005,2.22
2/3/2005,2.18
2/4/2005,2.2
2/7/2005,2.27
2/8/2005,2.34
2/9/2005,2.34
2/10/2005,2.35
2/11/2005,2.36
2/14/2005,2.37
2/15/2005,2.4
2/16/2005,2.39
2/17/2005,2.4
2/18/2005,2.39
2/21/2005,.
2/22/2005,2.43
2/23/2005,2.47
2/24/2005,2.48
2/25/2005,2.5
2/28/2005,2.51
3/1/2005,2.55
3/2/2005,2.54
3/3/2005,2.55
3/4/2005,2.56
3/7/2005,2.59
3/8/2005,2.61
3/9/2005,2.6
3/10/2005,2.6
3/11/2005,2.6
3/14/2005,2.62
3/15/2005,2.7
3/16/2005,2.68
3/17/2005,2.68
3/18/2005,2.7
3/21/2005,2.72
3/22/2005,2.77
3/23/2005,2.72
3/24/2005,2.7
3/25/2005,.
3/28/2005,2.69
3/29/2005,2.7
3/30/2005,2.71
3/31/2005,2.63
4/1/2005,2.66
4/4/2005,2.64
4/5/2005,2.63
4/6/2005,2.6
4/7/2005,2.61
4/8/2005,2.61
4/11/2005,2.6
4/12/2005,2.62
4/13/2005,2.62
4/14/2005,2.62
4/15/2005,2.63
4/18/2005,2.67
4/19/2005,2.73
4/20/2005,2.65
4/21/2005,2.59
4/22/2005,2.64
4/25/2005,2.67
4/26/2005,2.7
4/27/2005,2.65
4/28/2005,2.6
4/29/2005,2.7
5/2/2005,2.68
5/3/2005,2.65
5/4/2005,2.59
5/5/2005,2.6
5/6/2005,2.64
5/9/2005,2.66
5/10/2005,2.6
5/11/2005,2.6
5/12/2005,2.58
5/13/2005,2.47
5/16/2005,2.48
5/17/2005,2.6
5/18/2005,2.6
5/19/2005,2.63
5/20/2005,2.66
5/23/2005,2.69
5/24/2005,2.82
5/25/2005,2.79
5/26/2005,2.77
5/27/2005,2.77
5/30/2005,.
5/31/2005,2.8
6/1/2005,2.79
6/2/2005,2.8
6/3/2005,2.82
6/6/2005,2.83
6/7/2005,2.82
6/8/2005,2.83
6/9/2005,2.81
6/10/2005,2.82
6/13/2005,2.82
6/14/2005,2.78
6/15/2005,2.78
6/16/2005,2.76
6/17/2005,2.79
6/20/2005,2.81
6/21/2005,2.85
6/22/2005,2.84
6/23/2005,2.79
6/24/2005,2.78
6/27/2005,2.85
6/28/2005,2.99
6/29/2005,2.95
6/30/2005,2.99
7/1/2005,3.02
7/4/2005,.
7/5/2005,3.03
7/6/2005,3.04
7/7/2005,3
7/8/2005,2.99
7/11/2005,2.98
7/12/2005,3.02
7/13/2005,3.03
7/14/2005,3.04
7/15/2005,3.04
7/18/2005,3.06
7/19/2005,3.13
7/20/2005,3.11
7/21/2005,3.13
7/22/2005,3.16
7/25/2005,3.2
7/26/2005,3.25
7/27/2005,3.23
7/28/2005,3.25
7/29/2005,3.25
8/1/2005,3.3
8/2/2005,3.35
8/3/2005,3.34
8/4/2005,3.34
8/5/2005,3.35
8/8/2005,3.38
8/9/2005,3.37
8/10/2005,3.38
8/11/2005,3.31
8/12/2005,3.32
8/15/2005,3.28
8/16/2005,3.32
8/17/2005,3.31
8/18/2005,3.3
8/19/2005,3.33
8/22/2005,3.34
8/23/2005,3.34
8/24/2005,3.34
8/25/2005,3.34
8/26/2005,3.36
8/29/2005,3.42
8/30/2005,3.4
8/31/2005,3.41
9/1/2005,3.35
9/2/2005,3.38
9/5/2005,.
9/6/2005,3.39
9/7/2005,3.36
9/8/2005,3.31
9/9/2005,3.32
9/12/2005,3.33
9/13/2005,3.3
9/14/2005,3.25
9/15/2005,3.23
9/16/2005,3.23
9/19/2005,3.23
9/20/2005,3.29
9/21/2005,3.02
9/22/2005,2.99
9/23/2005,3.06
9/26/2005,3.19
9/27/2005,3.15
9/28/2005,3.12
9/29/2005,3.09
9/30/2005,3.15
10/3/2005,3.22
10/4/2005,3.35
10/5/2005,3.34
10/6/2005,3.34
10/7/2005,3.35
10/10/2005,.
10/11/2005,3.41
10/12/2005,3.49
10/13/2005,3.5
10/14/2005,3.49
10/17/2005,3.53
10/18/2005,3.57
10/19/2005,3.57
10/20/2005,3.46
10/21/2005,3.48
10/24/2005,3.51
10/25/2005,3.71
10/26/2005,3.7
10/27/2005,3.72
10/28/2005,3.75
10/31/2005,3.77
11/1/2005,3.78
11/2/2005,3.77
11/3/2005,3.81
11/4/2005,3.8
11/7/2005,3.81
11/8/2005,3.88
11/9/2005,3.91
11/10/2005,3.89
11/11/2005,.
11/14/2005,3.93
11/15/2005,4.01
11/16/2005,4
11/17/2005,3.98
11/18/2005,3.95
11/21/2005,3.93
11/22/2005,3.94
11/23/2005,3.94
11/24/2005,.
11/25/2005,3.91
11/28/2005,3.94
11/29/2005,3.99
11/30/2005,4
12/1/2005,3.99
12/2/2005,4
12/5/2005,4.01
12/6/2005,3.84
12/7/2005,3.84
12/8/2005,3.67
12/9/2005,3.62
12/12/2005,3.59
12/13/2005,3.61
12/14/2005,3.61
12/15/2005,3.6
12/16/2005,3.56
12/19/2005,3.56
12/20/2005,3.55
12/21/2005,3.56
12/22/2005,3.55
12/23/2005,3.48
12/26/2005,.
12/27/2005,3.51
12/28/2005,3.57
12/29/2005,3.67
12/30/2005,4.01
1/2/2006,.
1/3/2006,4.05
1/4/2006,4.03
1/5/2006,4.05
1/6/2006,4.06
1/9/2006,4.09
1/10/2006,4.15
1/11/2006,4.16
1/12/2006,4.16
1/13/2006,4.13
1/16/2006,.
1/17/2006,4.11
1/18/2006,4.04
1/19/2006,3.98
1/20/2006,3.95
1/23/2006,3.98
1/24/2006,4.24
1/25/2006,4.22
1/26/2006,4.17
1/27/2006,4.19
1/30/2006,4.18
1/31/2006,4.37
2/1/2006,4.33
2/2/2006,4.32
2/3/2006,4.31
2/6/2006,4.32
2/7/2006,4.33
2/8/2006,4.34
2/9/2006,4.32
2/10/2006,4.36
2/13/2006,4.38
2/14/2006,4.42
2/15/2006,4.39
2/16/2006,4.38
2/17/2006,4.39
2/20/2006,.
2/21/2006,4.42
2/22/2006,4.44
2/23/2006,4.44
2/24/2006,4.45
2/27/2006,4.48
2/28/2006,4.47
3/1/2006,4.45
3/2/2006,4.45
3/3/2006,4.45
3/6/2006,4.44
3/7/2006,4.47
3/8/2006,4.45
3/9/2006,4.44
3/10/2006,4.46
3/13/2006,4.45
3/14/2006,4.49
3/15/2006,4.5
3/16/2006,4.49
3/17/2006,4.5
3/20/2006,4.56
3/21/2006,4.67
3/22/2006,4.67
3/23/2006,4.66
3/24/2006,4.66
3/27/2006,4.66
3/28/2006,4.71
3/29/2006,4.69
3/30/2006,4.67
3/31/2006,4.65
4/3/2006,4.66
4/4/2006,4.64
4/5/2006,4.62
4/6/2006,4.65
4/7/2006,4.64
4/10/2006,4.64
4/11/2006,4.63
4/12/2006,4.62
4/13/2006,4.54
4/14/2006,.
4/17/2006,4.55
4/18/2006,4.54
4/19/2006,4.54
4/20/2006,4.55
4/21/2006,4.58
4/24/2006,4.58
4/25/2006,4.63
4/26/2006,4.65
4/27/2006,4.64
4/28/2006,4.6
5/1/2006,4.61
5/2/2006,4.66
5/3/2006,4.65
5/4/2006,4.61
5/5/2006,4.61
5/8/2006,4.64
5/9/2006,4.72
5/10/2006,4.69
5/11/2006,4.64
5/12/2006,4.64
5/15/2006,4.68
5/16/2006,4.76
5/17/2006,4.75
5/18/2006,4.75
5/19/2006,4.75
5/22/2006,4.74
5/23/2006,4.75
5/24/2006,4.74
5/25/2006,4.74
5/26/2006,4.75
5/29/2006,.
5/30/2006,4.76
5/31/2006,4.75
6/1/2006,4.75
6/2/2006,4.75
6/5/2006,4.77
6/6/2006,4.8
6/7/2006,4.8
6/8/2006,4.78
6/9/2006,4.78
6/12/2006,4.78
6/13/2006,4.72
6/14/2006,4.68
6/15/2006,4.6
6/16/2006,4.63
6/19/2006,4.67
6/20/2006,4.7
6/21/2006,4.66
6/22/2006,4.55
6/23/2006,4.61
6/26/2006,4.73
6/27/2006,4.86
6/28/2006,4.79
6/29/2006,4.68
6/30/2006,4.54
7/3/2006,4.69
7/4/2006,.
7/5/2006,4.81
7/6/2006,4.8
7/7/2006,4.83
7/10/2006,4.86
7/11/2006,4.9
7/12/2006,4.92
7/13/2006,4.88
7/14/2006,4.87
7/17/2006,4.91
7/18/2006,4.94
7/19/2006,4.91
7/20/2006,4.87
7/21/2006,4.88
7/24/2006,4.91
7/25/2006,5.01
7/26/2006,5
7/27/2006,5.02
7/28/2006,4.98
7/31/2006,5.02
8/1/2006,5.2
8/2/2006,5.2
8/3/2006,5.18
8/4/2006,5.15
8/7/2006,5.18
8/8/2006,5.19
8/9/2006,5.14
8/10/2006,5.12
8/11/2006,5.12
8/14/2006,5.15
8/15/2006,5.18
8/16/2006,5.16
8/17/2006,5.15
8/18/2006,5.13
8/21/2006,5.15
8/22/2006,5.17
8/23/2006,5.17
8/24/2006,5.16
8/25/2006,5.17
8/28/2006,5.17
8/29/2006,5.19
8/30/2006,5.16
8/31/2006,5.12
9/1/2006,5.07
9/4/2006,.
9/5/2006,4.96
9/6/2006,4.89
9/7/2006,4.89
9/8/2006,4.83
9/11/2006,4.85
9/12/2006,4.75
9/13/2006,4.78
9/14/2006,4.81
9/15/2006,4.77
9/18/2006,4.76
9/19/2006,4.72
9/20/2006,4.73
9/21/2006,4.72
9/22/2006,4.73
9/25/2006,4.72
9/26/2006,4.64
9/27/2006,4.6
9/28/2006,4.53
9/29/2006,4.6
10/2/2006,4.67
10/3/2006,4.71
10/4/2006,4.78
10/5/2006,4.81
10/6/2006,4.76
10/9/2006,.
10/10/2006,4.81
10/11/2006,4.9
10/12/2006,4.93
10/13/2006,4.93
10/16/2006,5.01
10/17/2006,5.06
10/18/2006,5.05
10/19/2006,5.02
10/20/2006,5
10/23/2006,5.05
10/24/2006,5.15
10/25/2006,5.14
10/26/2006,5.16
10/27/2006,5.14
10/30/2006,5.15
10/31/2006,5.18
11/1/2006,5.19
11/2/2006,5.18
11/3/2006,5.18
11/6/2006,5.17
11/7/2006,5.2
11/8/2006,5.2
11/9/2006,5.19
11/10/2006,5.2
11/13/2006,5.17
11/14/2006,5.24
11/15/2006,5.24
11/16/2006,5.22
11/17/2006,5.19
11/20/2006,5.19
11/21/2006,5.26
11/22/2006,5.25
11/23/2006,.
11/24/2006,5.21
11/27/2006,5.22
11/28/2006,5.27
11/29/2006,5.26
11/30/2006,5.22
12/1/2006,5.21
12/4/2006,5.13
12/5/2006,4.88
12/6/2006,4.91
12/7/2006,4.92
12/8/2006,4.89
12/11/2006,4.85
12/12/2006,4.87
12/13/2006,4.86
12/14/2006,4.87
12/15/2006,4.78
12/18/2006,4.8
12/19/2006,4.84
12/20/2006,4.87
12/21/2006,4.84
12/22/2006,4.82
12/25/2006,.
12/26/2006,4.81
12/27/2006,4.75
12/28/2006,4.74
12/29/2006,4.75
1/1/2007,.
1/2/2007,4.79
1/3/2007,4.84
1/4/2007,4.8
1/5/2007,4.81
1/8/2007,4.87
1/9/2007,4.9
1/10/2007,4.94
1/11/2007,4.99
1/12/2007,4.98
1/15/2007,.
1/16/2007,5
1/17/2007,5.01
1/18/2007,4.97
1/19/2007,4.96
1/22/2007,4.98
1/23/2007,5.02
1/24/2007,4.99
1/25/2007,4.97
1/26/2007,4.94
1/29/2007,4.95
1/30/2007,4.99
1/31/2007,5
2/1/2007,4.99
2/2/2007,5.01
2/5/2007,5.06
2/6/2007,5.14
2/7/2007,5.15
2/8/2007,5.15
2/9/2007,5.15
2/12/2007,5.16
2/13/2007,5.24
2/14/2007,5.23
2/15/2007,5.23
2/16/2007,5.23
2/19/2007,.
2/20/2007,5.23
2/21/2007,5.27
2/22/2007,5.26
2/23/2007,5.25
2/26/2007,5.23
2/27/2007,5.22
2/28/2007,5.24
3/1/2007,5.25
3/2/2007,5.23
3/5/2007,5.22
3/6/2007,5.24
3/7/2007,5.24
3/8/2007,5.24
3/9/2007,5.22
3/12/2007,5.22
3/13/2007,5.23
3/14/2007,5.24
3/15/2007,5.21
3/16/2007,5.18
3/19/2007,5.17
3/20/2007,5.22
3/21/2007,5.24
3/22/2007,5.23
3/23/2007,5.24
3/26/2007,5.22
3/27/2007,5.2
3/28/2007,5.18
3/29/2007,5.05
3/30/2007,5.07
4/2/2007,5.12
4/3/2007,5.15
4/4/2007,5.16
4/5/2007,5.1
4/6/2007,5.1
4/9/2007,5.08
4/10/2007,5
4/11/2007,5.01
4/12/2007,5
4/13/2007,4.98
4/16/2007,4.97
4/17/2007,4.94
4/18/2007,4.94
4/19/2007,4.93
4/20/2007,4.93
4/23/2007,4.93
4/24/2007,4.92
4/25/2007,4.94
4/26/2007,4.91
4/27/2007,4.85
4/30/2007,4.8
5/1/2007,4.69
5/2/2007,4.72
5/3/2007,4.74
5/4/2007,4.74
5/7/2007,4.76
5/8/2007,4.76
5/9/2007,4.75
5/10/2007,4.77
5/11/2007,4.75
5/14/2007,4.72
5/15/2007,4.79
5/16/2007,4.73
5/17/2007,4.8
5/18/2007,4.78
5/21/2007,4.85
5/22/2007,5.01
5/23/2007,5
5/24/2007,4.99
5/25/2007,4.97
5/28/2007,.
5/29/2007,4.95
5/30/2007,4.94
5/31/2007,4.78
6/1/2007,4.8
6/4/2007,4.78
6/5/2007,4.75
6/6/2007,4.78
6/7/2007,4.8
6/8/2007,4.76
6/11/2007,4.7
6/12/2007,4.65
6/13/2007,4.62
6/14/2007,4.51
6/15/2007,4.46
6/18/2007,4.47
6/19/2007,4.44
6/20/2007,4.42
6/21/2007,4.17
6/22/2007,4.29
6/25/2007,4.43
6/26/2007,4.53
6/27/2007,4.24
6/28/2007,4.08
6/29/2007,4.28
7/2/2007,4.55
7/3/2007,4.77
7/4/2007,.
7/5/2007,4.76
7/6/2007,4.71
7/9/2007,4.68
7/10/2007,4.74
7/11/2007,4.73
7/12/2007,4.73
7/13/2007,4.72
7/16/2007,4.75
7/17/2007,4.77
7/18/2007,4.77
7/19/2007,4.78
7/20/2007,4.76
7/23/2007,4.88
7/24/2007,5.05
7/25/2007,5.04
7/26/2007,4.98
7/27/2007,4.89
7/30/2007,4.95
7/31/2007,5.13
8/1/2007,5.05
8/2/2007,5.02
8/3/2007,4.94
8/6/2007,4.92
8/7/2007,5.05
8/8/2007,5.04
8/9/2007,4.7
8/10/2007,4.38
8/13/2007,4.61
8/14/2007,4.62
8/15/2007,4.18
8/16/2007,3.13
8/17/2007,3.03
8/20/2007,2.47
8/21/2007,3.17
8/22/2007,3.12
8/23/2007,3.79
8/24/2007,4.24
8/27/2007,4.74
8/28/2007,4.6
8/29/2007,4.02
8/30/2007,3.69
8/31/2007,4.02
9/3/2007,.
9/4/2007,4.55
9/5/2007,4.41
9/6/2007,4.28
9/7/2007,4.03
9/10/2007,3.93
9/11/2007,4.13
9/12/2007,4
9/13/2007,4.04
9/14/2007,3.85
9/17/2007,3.82
9/18/2007,3.87
9/19/2007,3.62
9/20/2007,3.46
9/21/2007,3.24
9/24/2007,3.35
9/25/2007,3.34
9/26/2007,3.25
9/27/2007,3.3
9/28/2007,3.43
10/1/2007,3.52
10/2/2007,3.63
10/3/2007,3.67
10/4/2007,3.63
10/5/2007,3.58
10/8/2007,.
10/9/2007,3.72
10/10/2007,3.81
10/11/2007,3.98
10/12/2007,4.12
10/15/2007,4.25
10/16/2007,4.14
10/17/2007,3.74
10/18/2007,3.21
10/19/2007,3.45
10/22/2007,3.69
10/23/2007,3.98
10/24/2007,3.83
10/25/2007,3.92
10/26/2007,3.97
10/29/2007,3.96
10/30/2007,4.03
10/31/2007,4.01
11/1/2007,3.9
11/2/2007,3.73
11/5/2007,3.86
11/6/2007,3.99
11/7/2007,3.77
11/8/2007,3.56
11/9/2007,3.42
11/12/2007,.
11/13/2007,3.73
11/14/2007,3.86
11/15/2007,3.74
11/16/2007,3.78
11/19/2007,3.74
11/20/2007,3.65
11/21/2007,3.54
11/22/2007,.
11/23/2007,3.64
11/26/2007,3.53
11/27/2007,3.68
11/28/2007,3.52
11/29/2007,3.38
11/30/2007,3.63
12/3/2007,3.55
12/4/2007,3.16
12/5/2007,3.15
12/6/2007,3.09
12/7/2007,3.04
12/10/2007,3.05
12/11/2007,2.89
12/12/2007,2.89
12/13/2007,2.7
12/14/2007,2.61
12/17/2007,2.78
12/18/2007,2.76
12/19/2007,2.66
12/20/2007,2.42
12/21/2007,2.44
12/24/2007,2.75
12/25/2007,.
12/26/2007,3.04
12/27/2007,2.85
12/28/2007,2.57
12/31/2007,2.76
1/1/2008,.
1/2/2008,3.09
1/3/2008,3.19
1/4/2008,3.22
1/7/2008,3.27
1/8/2008,3.31
1/9/2008,3.34
1/10/2008,3.37
1/11/2008,3.23
1/14/2008,3.2
1/15/2008,3.15
1/16/2008,3.14
1/17/2008,3.07
1/18/2008,2.63
1/21/2008,.
1/22/2008,2.15
1/23/2008,2.07
1/24/2008,2.19
1/25/2008,2.07
1/28/2008,2.12
1/29/2008,2.13
1/30/2008,1.93
1/31/2008,1.64
2/1/2008,1.75
2/4/2008,2.15
2/5/2008,2.22
2/6/2008,2.12
2/7/2008,2.19
2/8/2008,2.24
2/11/2008,2.35
2/12/2008,2.55
2/13/2008,2.5
2/14/2008,2.5
2/15/2008,2.4
2/18/2008,.
2/19/2008,2.37
2/20/2008,2.4
2/21/2008,2.35
2/22/2008,2.33
2/25/2008,2.34
2/26/2008,2.34
2/27/2008,2.21
2/28/2008,2.08
2/29/2008,2.07
3/3/2008,1.99
3/4/2008,2.01
3/5/2008,1.91
3/6/2008,1.73
3/7/2008,1.65
3/10/2008,1.63
3/11/2008,1.82
3/12/2008,1.68
3/13/2008,1.56
3/14/2008,1.2
3/17/2008,1.16
3/18/2008,0.71
3/19/2008,0.26
3/20/2008,0.37
3/21/2008,.
3/24/2008,0.67
3/25/2008,1.47
3/26/2008,1.36
3/27/2008,1.32
3/28/2008,1.29
3/31/2008,1.22
4/1/2008,1.55
4/2/2008,1.55
4/3/2008,1.56
4/4/2008,1.5
4/7/2008,1.42
4/8/2008,1.34
4/9/2008,1.06
4/10/2008,0.98
4/11/2008,0.9
4/14/2008,0.85
4/15/2008,0.84
4/16/2008,0.86
4/17/2008,0.87
4/18/2008,0.9
4/21/2008,0.9
4/22/2008,0.72
4/23/2008,0.78
4/24/2008,0.81
4/25/2008,0.8
4/28/2008,0.94
4/29/2008,1.28
4/30/2008,1.17
5/1/2008,1.23
5/2/2008,1.25
5/5/2008,1.34
5/6/2008,1.53
5/7/2008,1.57
5/8/2008,1.55
5/9/2008,1.6
5/12/2008,1.73
5/13/2008,1.86
5/14/2008,1.86
5/15/2008,1.84
5/16/2008,1.85
5/19/2008,1.93
5/20/2008,1.97
5/21/2008,1.95
5/22/2008,1.97
5/23/2008,1.92
5/26/2008,.
5/27/2008,1.91
5/28/2008,2.07
5/29/2008,2.02
5/30/2008,1.98
6/2/2008,1.94
6/3/2008,1.96
6/4/2008,1.85
6/5/2008,1.79
6/6/2008,1.75
6/9/2008,1.8
6/10/2008,2
6/11/2008,1.91
6/12/2008,1.92
6/13/2008,1.86
6/16/2008,1.89
6/17/2008,1.82
6/18/2008,1.7
6/19/2008,1.59
6/20/2008,1.49
6/23/2008,1.55
6/24/2008,1.58
6/25/2008,1.49
6/26/2008,1.42
6/27/2008,1.29
6/30/2008,1.6
7/1/2008,1.92
7/2/2008,1.87
7/3/2008,1.86
7/4/2008,.
7/7/2008,1.8
7/8/2008,1.86
7/9/2008,1.82
7/10/2008,1.48
7/11/2008,1.38
7/14/2008,1.41
7/15/2008,1.49
7/16/2008,1.36
7/17/2008,1.31
7/18/2008,1.28
7/21/2008,1.32
7/22/2008,1.5
7/23/2008,1.59
7/24/2008,1.69
7/25/2008,1.72
7/28/2008,1.68
7/29/2008,1.73
7/30/2008,1.66
7/31/2008,1.55
8/1/2008,1.52
8/4/2008,1.61
8/5/2008,1.73
8/6/2008,1.53
8/7/2008,1.53
8/8/2008,1.63
8/11/2008,1.77
8/12/2008,1.73
8/13/2008,1.8
8/14/2008,1.76
8/15/2008,1.73
8/18/2008,1.77
8/19/2008,1.83
8/20/2008,1.74
8/21/2008,1.73
8/22/2008,1.67
8/25/2008,1.66
8/26/2008,1.67
8/27/2008,1.58
8/28/2008,1.63
8/29/2008,1.63
9/1/2008,.
9/2/2008,1.64
9/3/2008,1.57
9/4/2008,1.56
9/5/2008,1.53
9/8/2008,1.59
9/9/2008,1.59
9/10/2008,1.58
9/11/2008,1.53
9/12/2008,1.37
9/15/2008,0.36
9/16/2008,0.23
9/17/2008,0.07
9/18/2008,0.26
9/19/2008,0.75
9/22/2008,0.76
9/23/2008,0.3
9/24/2008,0.13
9/25/2008,0.39
9/26/2008,0.21
9/29/2008,0.16
9/30/2008,1.02
10/1/2008,0.66
10/2/2008,0.21
10/3/2008,0.15
10/6/2008,0.19
10/7/2008,0.39
10/8/2008,0.23
10/9/2008,0.19
10/10/2008,0.07
10/13/2008,.
10/14/2008,0.07
10/15/2008,0.05
10/16/2008,0.12
10/17/2008,0.13
10/20/2008,0.53
10/21/2008,0.71
10/22/2008,0.6
10/23/2008,0.39
10/24/2008,0.33
10/27/2008,0.31
10/28/2008,0.42
10/29/2008,0.41
10/30/2008,0.14
10/31/2008,0.12
11/3/2008,0.2
11/4/2008,0.29
11/5/2008,0.16
11/6/2008,0.13
11/7/2008,0.13
11/10/2008,0.11
11/11/2008,.
11/12/2008,0.1
11/13/2008,0.08
11/14/2008,0.06
11/17/2008,0.06
11/18/2008,0.1
11/19/2008,0.09
11/20/2008,0.05
11/21/2008,0.03
11/24/2008,0.01
11/25/2008,0.04
11/26/2008,0.02
11/27/2008,.
11/28/2008,0.02
12/1/2008,0.09
12/2/2008,0.04
12/3/2008,0.02
12/4/2008,0.01
12/5/2008,0.02
12/8/2008,0.01
12/9/2008,0.04
12/10/2008,0
12/11/2008,0
12/12/2008,0.03
12/15/2008,0
12/16/2008,0.05
12/17/2008,0.03
12/18/2008,0.03
12/19/2008,0
12/22/2008,0.01
12/23/2008,0.01
12/24/2008,0
12/25/2008,.
12/26/2008,0.01
12/29/2008,0.04
12/30/2008,0.11
12/31/2008,0.11
1/1/2009,.
1/2/2009,0.04
1/5/2009,0.05
1/6/2009,0.05
1/7/2009,0.03
1/8/2009,0.04
1/9/2009,0.03
1/12/2009,0.04
1/13/2009,0.02
1/14/2009,0.07
1/15/2009,0.03
1/16/2009,0.04
1/19/2009,.
1/20/2009,0.04
1/21/2009,0.03
1/22/2009,0.03
1/23/2009,0.03
1/26/2009,0.02
1/27/2009,0.05
1/28/2009,0.08
1/29/2009,0.14
1/30/2009,0.15
2/2/2009,0.19
2/3/2009,0.28
2/4/2009,0.26
2/5/2009,0.21
2/6/2009,0.21
2/9/2009,0.22
2/10/2009,0.24
2/11/2009,0.22
2/12/2009,0.25
2/13/2009,0.23
2/16/2009,.
2/17/2009,0.26
2/18/2009,0.23
2/19/2009,0.22
2/20/2009,0.19
2/23/2009,0.19
2/24/2009,0.22
2/25/2009,0.21
2/26/2009,0.18
2/27/2009,0.16
3/2/2009,0.17
3/3/2009,0.14
3/4/2009,0.15
3/5/2009,0.11
3/6/2009,0.09
3/9/2009,0.12
3/10/2009,0.14
3/11/2009,0.14
3/12/2009,0.11
3/13/2009,0.09
3/16/2009,0.11
3/17/2009,0.14
3/18/2009,0.15
3/19/2009,0.1
3/20/2009,0.09
3/23/2009,0.1
3/24/2009,0.05
3/25/2009,0.03
3/26/2009,0.02
3/27/2009,0.03
3/30/2009,0.05
3/31/2009,0.17
4/1/2009,0.18
4/2/2009,0.17
4/3/2009,0.16
4/6/2009,0.16
4/7/2009,0.17
4/8/2009,0.15
4/9/2009,0.13
4/10/2009,.
4/13/2009,0.12
4/14/2009,0.09
4/15/2009,0.07
4/16/2009,0.02
4/17/2009,0.04
4/20/2009,0.04
4/21/2009,0.07
4/22/2009,0.08
4/23/2009,0.08
4/24/2009,0.07
4/27/2009,0.07
4/28/2009,0.05
4/29/2009,0.04
4/30/2009,0.04
5/1/2009,0.06
5/4/2009,0.14
5/5/2009,0.14
5/6/2009,0.14
5/7/2009,0.15
5/8/2009,0.15
5/11/2009,0.16
5/12/2009,0.16
5/13/2009,0.15
5/14/2009,0.1
5/15/2009,0.11
5/18/2009,0.12
5/19/2009,0.14
5/20/2009,0.18
5/21/2009,0.13
5/22/2009,0.13
5/25/2009,.
5/26/2009,0.13
5/27/2009,0.18
5/28/2009,0.14
5/29/2009,0.14
6/1/2009,0.13
6/2/2009,0.06
6/3/2009,0.08
6/4/2009,0.08
6/5/2009,0.08
6/8/2009,0.08
6/9/2009,0.09
6/10/2009,0.11
6/11/2009,0.09
6/12/2009,0.08
6/15/2009,0.08
6/16/2009,0.09
6/17/2009,0.11
6/18/2009,0.12
6/19/2009,0.1
6/22/2009,0.12
6/23/2009,0.15
6/24/2009,0.1
6/25/2009,0.07
6/26/2009,0.07
6/29/2009,0.11
6/30/2009,0.17
7/1/2009,0.13
7/2/2009,0.15
7/3/2009,.
7/6/2009,0.15
7/7/2009,0.16
7/8/2009,0.15
7/9/2009,0.16
7/10/2009,0.15
7/13/2009,0.15
7/14/2009,0.15
7/15/2009,0.11
7/16/2009,0.15
7/17/2009,0.15
7/20/2009,0.15
7/21/2009,0.16
7/22/2009,0.15
7/23/2009,0.15
7/24/2009,0.15
7/27/2009,0.15
7/28/2009,0.14
7/29/2009,0.14
7/30/2009,0.14
7/31/2009,0.14
8/3/2009,0.15
8/4/2009,0.15
8/5/2009,0.15
8/6/2009,0.15
8/7/2009,0.14
8/10/2009,0.15
8/11/2009,0.14
8/12/2009,0.14
8/13/2009,0.1
8/14/2009,0.1
8/17/2009,0.11
8/18/2009,0.14
8/19/2009,0.1
8/20/2009,0.11
8/21/2009,0.11
8/24/2009,0.11
8/25/2009,0.12
8/26/2009,0.11
8/27/2009,0.11
8/28/2009,0.11
8/31/2009,0.11
9/1/2009,0.08
9/2/2009,0.09
9/3/2009,0.09
9/4/2009,0.09
9/7/2009,.
9/8/2009,0.1
9/9/2009,0.09
9/10/2009,0.08
9/11/2009,0.08
9/14/2009,0.08
9/15/2009,0.05
9/16/2009,0.03
9/17/2009,0.03
9/18/2009,0.03
9/21/2009,0.05
9/22/2009,0.05
9/23/2009,0.05
9/24/2009,0.03
9/25/2009,0.03
9/28/2009,0.03
9/29/2009,0.07
9/30/2009,0.06
10/1/2009,0.03
10/2/2009,0.04
10/5/2009,0.04
10/6/2009,0.05
10/7/2009,0.06
10/8/2009,0.03
10/9/2009,0.04
10/12/2009,.
10/13/2009,0.04
10/14/2009,0.05
10/15/2009,0.06
10/16/2009,0.06
10/19/2009,0.06
10/20/2009,0.05
10/21/2009,0.05
10/22/2009,0.02
10/23/2009,0.02
10/26/2009,0.04
10/27/2009,0.05
10/28/2009,0.04
10/29/2009,0.02
10/30/2009,0.01
11/2/2009,0.03
11/3/2009,0.04
11/4/2009,0.05
11/5/2009,0.06
11/6/2009,0.06
11/9/2009,0.06
11/10/2009,0.06
11/11/2009,.
11/12/2009,0.06
11/13/2009,0.05
11/16/2009,0.05
11/17/2009,0.05
11/18/2009,0.04
11/19/2009,0.03
11/20/2009,0.04
11/23/2009,0.05
11/24/2009,0.06
11/25/2009,0.07
11/26/2009,.
11/27/2009,0.06
11/30/2009,0.08
12/1/2009,0.09
12/2/2009,0.08
12/3/2009,0.09
12/4/2009,0.08
12/7/2009,0.07
12/8/2009,0.02
12/9/2009,0.01
12/10/2009,0.01
12/11/2009,0.01
12/14/2009,0.02
12/15/2009,0.02
12/16/2009,0.02
12/17/2009,0.01
12/18/2009,0.01
12/21/2009,0.01
12/22/2009,0.01
12/23/2009,0.01
12/24/2009,0.02
12/25/2009,.
12/28/2009,0.03
12/29/2009,0.02
12/30/2009,0.02
12/31/2009,0.04
1/1/2010,.
1/4/2010,0.05
1/5/2010,0.03
1/6/2010,0.03
1/7/2010,0.02
1/8/2010,0.02
1/11/2010,0.01
1/12/2010,0.02
1/13/2010,0.02
1/14/2010,0.02
1/15/2010,0.03
1/18/2010,.
1/19/2010,0.03
1/20/2010,0.03
1/21/2010,0.02
1/22/2010,0.02
1/25/2010,0.02
1/26/2010,0.02
1/27/2010,0.01
1/28/2010,0.01
1/29/2010,0.02
2/1/2010,0.05
2/2/2010,0.04
2/3/2010,0.05
2/4/2010,0.04
2/5/2010,0.03
2/8/2010,0.04
2/9/2010,0.05
2/10/2010,0.06
2/11/2010,0.05
2/12/2010,0.04
2/15/2010,.
2/16/2010,0.04
2/17/2010,0.07
2/18/2010,0.07
2/19/2010,0.06
2/22/2010,0.06
2/23/2010,0.08
2/24/2010,0.08
2/25/2010,0.09
2/26/2010,0.09
3/1/2010,0.09
3/2/2010,0.09
3/3/2010,0.09
3/4/2010,0.09
3/5/2010,0.11
3/8/2010,0.11
3/9/2010,0.12
3/10/2010,0.12
3/11/2010,0.12
3/12/2010,0.1
3/15/2010,0.12
3/16/2010,0.14
3/17/2010,0.13
3/18/2010,0.14
3/19/2010,0.13
3/22/2010,0.13
3/23/2010,0.11
3/24/2010,0.12
3/25/2010,0.12
3/26/2010,0.11
3/29/2010,0.11
3/30/2010,0.13
3/31/2010,0.15
4/1/2010,0.16
4/2/2010,0.15
4/5/2010,0.16
4/6/2010,0.17
4/7/2010,0.16
4/8/2010,0.16
4/9/2010,0.16
4/12/2010,0.15
4/13/2010,0.15
4/14/2010,0.15
4/15/2010,0.16
4/16/2010,0.15
4/19/2010,0.15
4/20/2010,0.14
4/21/2010,0.14
4/22/2010,0.15
4/23/2010,0.14
4/26/2010,0.14
4/27/2010,0.14
4/28/2010,0.14
4/29/2010,0.15
4/30/2010,0.14
5/3/2010,0.14
5/4/2010,0.15
5/5/2010,0.14
5/6/2010,0.06
5/7/2010,0.08
5/10/2010,0.13
5/11/2010,0.15
5/12/2010,0.16
5/13/2010,0.15
5/14/2010,0.15
5/17/2010,0.16
5/18/2010,0.17
5/19/2010,0.17
5/20/2010,0.17
5/21/2010,0.17
5/24/2010,0.16
5/25/2010,0.16
5/26/2010,0.16
5/27/2010,0.16
5/28/2010,0.15
5/31/2010,.
6/1/2010,0.14
6/2/2010,0.13
6/3/2010,0.13
6/4/2010,0.12
6/7/2010,0.1
6/8/2010,0.1
6/9/2010,0.08
6/10/2010,0.06
6/11/2010,0.04
6/14/2010,0.02
6/15/2010,0.03
6/16/2010,0.06
6/17/2010,0.05
6/18/2010,0.04
6/21/2010,0.05
6/22/2010,0.08
6/23/2010,0.07
6/24/2010,0.07
6/25/2010,0.05
6/28/2010,0.07
6/29/2010,0.09
6/30/2010,0.17
7/1/2010,0.16
7/2/2010,0.16
7/5/2010,.
7/6/2010,0.17
7/7/2010,0.17
7/8/2010,0.17
7/9/2010,0.16
7/12/2010,0.16
7/13/2010,0.16
7/14/2010,0.16
7/15/2010,0.16
7/16/2010,0.14
7/19/2010,0.15
7/20/2010,0.16
7/21/2010,0.16
7/22/2010,0.15
7/23/2010,0.15
7/26/2010,0.15
7/27/2010,0.16
7/28/2010,0.15
7/29/2010,0.15
7/30/2010,0.14
8/2/2010,0.14
8/3/2010,0.15
8/4/2010,0.15
8/5/2010,0.15
8/6/2010,0.14
8/9/2010,0.14
8/10/2010,0.15
8/11/2010,0.15
8/12/2010,0.15
8/13/2010,0.14
8/16/2010,0.15
8/17/2010,0.16
8/18/2010,0.16
8/19/2010,0.16
8/20/2010,0.15
8/23/2010,0.15
8/24/2010,0.17
8/25/2010,0.17
8/26/2010,0.17
8/27/2010,0.17
8/30/2010,0.16
8/31/2010,0.16
9/1/2010,0.16
9/2/2010,0.15
9/3/2010,0.15
9/6/2010,.
9/7/2010,0.13
9/8/2010,0.1
9/9/2010,0.1
9/10/2010,0.1
9/13/2010,0.1
9/14/2010,0.11
9/15/2010,0.11
9/16/2010,0.12
9/17/2010,0.12
9/20/2010,0.12
9/21/2010,0.12
9/22/2010,0.12
9/23/2010,0.13
9/24/2010,0.09
9/27/2010,0.08
9/28/2010,0.08
9/29/2010,0.12
9/30/2010,0.14
10/1/2010,0.15
10/4/2010,0.15
10/5/2010,0.14
10/6/2010,0.14
10/7/2010,0.15
10/8/2010,0.14
10/11/2010,.
10/12/2010,0.14
10/13/2010,0.14
10/14/2010,0.15
10/15/2010,0.14
10/18/2010,0.14
10/19/2010,0.14
10/20/2010,0.14
10/21/2010,0.13
10/22/2010,0.13
10/25/2010,0.13
10/26/2010,0.14
10/27/2010,0.14
10/28/2010,0.14
10/29/2010,0.14
11/1/2010,0.14
11/2/2010,0.13
11/3/2010,0.13
11/4/2010,0.13
11/5/2010,0.13
11/8/2010,0.12
11/9/2010,0.11
11/10/2010,0.12
11/11/2010,.
11/12/2010,0.11
11/15/2010,0.12
11/16/2010,0.13
11/17/2010,0.13
11/18/2010,0.13
11/19/2010,0.12
11/22/2010,0.12
11/23/2010,0.15
11/24/2010,0.16
11/25/2010,.
11/26/2010,0.16
11/29/2010,0.16
11/30/2010,0.18
12/1/2010,0.17
12/2/2010,0.16
12/3/2010,0.14
12/6/2010,0.14
12/7/2010,0.08
12/8/2010,0.08
12/9/2010,0.09
12/10/2010,0.09
12/13/2010,0.1
12/14/2010,0.09
12/15/2010,0.08
12/16/2010,0.08
12/17/2010,0.05
12/20/2010,0.04
12/21/2010,0.09
12/22/2010,0.07
12/23/2010,0.07
12/24/2010,.
12/27/2010,0.06
12/28/2010,0.08
12/29/2010,0.05
12/30/2010,0.05
12/31/2010,0.07
1/3/2011,0.11
1/4/2011,0.12
1/5/2011,0.13
1/6/2011,0.13
1/7/2011,0.13
1/10/2011,0.14
1/11/2011,0.15
1/12/2011,0.15
1/13/2011,0.15
1/14/2011,0.14
1/17/2011,.
1/18/2011,0.15
1/19/2011,0.16
1/20/2011,0.15
1/21/2011,0.15
1/24/2011,0.15
1/25/2011,0.15
1/26/2011,0.15
1/27/2011,0.13
1/28/2011,0.13
1/31/2011,0.15
2/1/2011,0.16
2/2/2011,0.15
2/3/2011,0.14
2/4/2011,0.13
2/7/2011,0.13
2/8/2011,0.14
2/9/2011,0.11
2/10/2011,0.08
2/11/2011,0.08
2/14/2011,0.09
2/15/2011,0.11
2/16/2011,0.1
2/17/2011,0.08
2/18/2011,0.08
2/21/2011,.
2/22/2011,0.1
2/23/2011,0.12
2/24/2011,0.13
2/25/2011,0.12
2/28/2011,0.13
3/1/2011,0.07
3/2/2011,0.12
3/3/2011,0.12
3/4/2011,0.11
3/7/2011,0.1
3/8/2011,0.07
3/9/2011,0.07
3/10/2011,0.04
3/11/2011,0.04
3/14/2011,0.05
3/15/2011,0.07
3/16/2011,0.06
3/17/2011,0.06
3/18/2011,0.06
3/21/2011,0.06
3/22/2011,0.07
3/23/2011,0.06
3/24/2011,0.04
3/25/2011,0.04
3/28/2011,0.04
3/29/2011,0.06
3/30/2011,0.03
3/31/2011,0.05
4/1/2011,0.03
4/4/2011,0.02
4/5/2011,0.05
4/6/2011,0.03
4/7/2011,0.03
4/8/2011,0.02
4/11/2011,0.02
4/12/2011,0.02
4/13/2011,0.03
4/14/2011,0.04
4/15/2011,0.04
4/18/2011,0.03
4/19/2011,0.04
4/20/2011,0.04
4/21/2011,0.03
4/22/2011,.
4/25/2011,0.03
4/26/2011,0.02
4/27/2011,0.03
4/28/2011,0.02
4/29/2011,0.02
5/2/2011,0.02
5/3/2011,0.02
5/4/2011,0.02
5/5/2011,0.01
5/6/2011,0.02
5/9/2011,0.01
5/10/2011,0.02
5/11/2011,0.01
5/12/2011,0.01
5/13/2011,0.01
5/16/2011,0.02
5/17/2011,0.03
5/18/2011,0.03
5/19/2011,0.02
5/20/2011,0.03
5/23/2011,0.03
5/24/2011,0.04
5/25/2011,0.04
5/26/2011,0.04
5/27/2011,0.04
5/30/2011,.
5/31/2011,0.04
6/1/2011,0.04
6/2/2011,0.04
6/3/2011,0.04
6/6/2011,0.03
6/7/2011,0.01
6/8/2011,0.01
6/9/2011,0.02
6/10/2011,0.02
6/13/2011,0.02
6/14/2011,0.03
6/15/2011,0.02
6/16/2011,0.02
6/17/2011,0.02
6/20/2011,0.02
6/21/2011,0.01
6/22/2011,0.01
6/23/2011,0.01
6/24/2011,0.01
6/27/2011,0.01
6/28/2011,0.01
6/29/2011,0.01
6/30/2011,0.01
7/1/2011,0.01
7/4/2011,.
7/5/2011,0.01
7/6/2011,0.01
7/7/2011,0.03
7/8/2011,0.03
7/11/2011,0.02
7/12/2011,0.01
7/13/2011,0.01
7/14/2011,0.01
7/15/2011,0.02
7/18/2011,0.01
7/19/2011,0.02
7/20/2011,0.01
7/21/2011,0.04
7/22/2011,0.05
7/25/2011,0.05
7/26/2011,0.07
7/27/2011,0.08
7/28/2011,0.1
7/29/2011,0.16
8/1/2011,0.13
8/2/2011,0.05
8/3/2011,0.01
8/4/2011,0.01
8/5/2011,0.01
8/8/2011,0.02
8/9/2011,0.02
8/10/2011,0.02
8/11/2011,0.01
8/12/2011,0.01
8/15/2011,0
8/16/2011,0.02
8/17/2011,0.01
8/18/2011,0.01
8/19/2011,0
8/22/2011,0.01
8/23/2011,0.01
8/24/2011,0.02
8/25/2011,0.01
8/26/2011,0
8/29/2011,0
8/30/2011,0.01
8/31/2011,0.01
9/1/2011,0.02
9/2/2011,0.02
9/5/2011,.
9/6/2011,0.02
9/7/2011,0
9/8/2011,0.01
9/9/2011,0
9/12/2011,0.01
9/13/2011,0
9/14/2011,0
9/15/2011,0
9/16/2011,0.01
9/19/2011,0
9/20/2011,0
9/21/2011,0.01
9/22/2011,0
9/23/2011,0
9/26/2011,0
9/27/2011,0
9/28/2011,0
9/29/2011,0
9/30/2011,0.02
10/3/2011,0.01
10/4/2011,0.01
10/5/2011,0
10/6/2011,0.01
10/7/2011,0.01
10/10/2011,.
10/11/2011,0.01
10/12/2011,0.01
10/13/2011,0.02
10/14/2011,0.02
10/17/2011,0.02
10/18/2011,0.02
10/19/2011,0.01
10/20/2011,0.02
10/21/2011,0.01
10/24/2011,0.01
10/25/2011,0.01
10/26/2011,0.01
10/27/2011,0.02
10/28/2011,0.02
10/31/2011,0.02
11/1/2011,0.01
11/2/2011,0.01
11/3/2011,0.01
11/4/2011,0.01
11/7/2011,0.01
11/8/2011,0.01
11/9/2011,0.01
11/10/2011,0.01
11/11/2011,.
11/14/2011,0.01
11/15/2011,0.01
11/16/2011,0.01
11/17/2011,0.01
11/18/2011,0.02
11/21/2011,0.02
11/22/2011,0.02
11/23/2011,0.02
11/24/2011,.
11/25/2011,0.02
11/28/2011,0.02
11/29/2011,0.02
11/30/2011,0.02
12/1/2011,0.02
12/2/2011,0.02
12/5/2011,0.01
12/6/2011,0
12/7/2011,0
12/8/2011,0
12/9/2011,0
12/12/2011,0
12/13/2011,0
12/14/2011,0
12/15/2011,0
12/16/2011,0
12/19/2011,0
12/20/2011,0
12/21/2011,0
12/22/2011,0
12/23/2011,0
12/26/2011,.
12/27/2011,0.01
12/28/2011,0
12/29/2011,0
12/30/2011,0.01
1/2/2012,.
1/3/2012,0.01
1/4/2012,0.01
1/5/2012,0.01
1/6/2012,0.02
1/9/2012,0.01
1/10/2012,0.01
1/11/2012,0.01
1/12/2012,0.02
1/13/2012,0.02
1/16/2012,.
1/17/2012,0.02
1/18/2012,0.02
1/19/2012,0.04
1/20/2012,0.03
1/23/2012,0.03
1/24/2012,0.02
1/25/2012,0.03
1/26/2012,0.04
1/27/2012,0.05
1/30/2012,0.05
1/31/2012,0.04
2/1/2012,0.05
2/2/2012,0.07
2/3/2012,0.06
2/6/2012,0.04
2/7/2012,0.06
2/8/2012,0.06
2/9/2012,0.06
2/10/2012,0.05
2/13/2012,0.06
2/14/2012,0.09
2/15/2012,0.09
2/16/2012,0.04
2/17/2012,0.03
2/20/2012,.
2/21/2012,0.03
2/22/2012,0.07
2/23/2012,0.07
2/24/2012,0.08
2/27/2012,0.08
2/28/2012,0.1
2/29/2012,0.08
3/1/2012,0.07
3/2/2012,0.06
3/5/2012,0.07
3/6/2012,0.06
3/7/2012,0.06
3/8/2012,0.07
3/9/2012,0.06
3/12/2012,0.05
3/13/2012,0.06
3/14/2012,0.08
3/15/2012,0.08
3/16/2012,0.07
3/19/2012,0.07
3/20/2012,0.08
3/21/2012,0.09
3/22/2012,0.06
3/23/2012,0.06
3/26/2012,0.06
3/27/2012,0.07
3/28/2012,0.05
3/29/2012,0.02
3/30/2012,0.05
4/2/2012,0.05
4/3/2012,0.07
4/4/2012,0.08
4/5/2012,0.07
4/6/2012,0.06
4/9/2012,0.07
4/10/2012,0.08
4/11/2012,0.08
4/12/2012,0.08
4/13/2012,0.07
4/16/2012,0.07
4/17/2012,0.07
4/18/2012,0.05
4/19/2012,0.04
4/20/2012,0.04
4/23/2012,0.04
4/24/2012,0.07
4/25/2012,0.08
4/26/2012,0.09
4/27/2012,0.07
4/30/2012,0.07
5/1/2012,0.07
5/2/2012,0.06
5/3/2012,0.05
5/4/2012,0.05
5/7/2012,0.06
5/8/2012,0.08
5/9/2012,0.07
5/10/2012,0.08
5/11/2012,0.07
5/14/2012,0.07
5/15/2012,0.08
5/16/2012,0.08
5/17/2012,0.08
5/18/2012,0.06
5/21/2012,0.06
5/22/2012,0.07
5/23/2012,0.07
5/24/2012,0.08
5/25/2012,0.07
5/28/2012,.
5/29/2012,0.06
5/30/2012,0.05
5/31/2012,0.03
6/1/2012,0.03
6/4/2012,0.04
6/5/2012,0.05
6/6/2012,0.05
6/7/2012,0.04
6/8/2012,0.04
6/11/2012,0.05
6/12/2012,0.06
6/13/2012,0.07
6/14/2012,0.08
6/15/2012,0.05
6/18/2012,0.06
6/19/2012,0.06
6/20/2012,0.06
6/21/2012,0.05
6/22/2012,0.05
6/25/2012,0.06
6/26/2012,0.07
6/27/2012,0.06
6/28/2012,0.02
6/29/2012,0.04
7/2/2012,0.06
7/3/2012,0.08
7/4/2012,.
7/5/2012,0.07
7/6/2012,0.06
7/9/2012,0.06
7/10/2012,0.07
7/11/2012,0.07
7/12/2012,0.08
7/13/2012,0.08
7/16/2012,0.04
7/17/2012,0.08
7/18/2012,0.07
7/19/2012,0.06
7/20/2012,0.07
7/23/2012,0.07
7/24/2012,0.08
7/25/2012,0.08
7/26/2012,0.08
7/27/2012,0.07
7/30/2012,0.06
7/31/2012,0.07
8/1/2012,0.07
8/2/2012,0.04
8/3/2012,0.03
8/6/2012,0.05
8/7/2012,0.09
8/8/2012,0.09
8/9/2012,0.1
8/10/2012,0.1
8/13/2012,0.1
8/14/2012,0.11
8/15/2012,0.11
8/16/2012,0.1
8/17/2012,0.09
8/20/2012,0.09
8/21/2012,0.1
8/22/2012,0.1
8/23/2012,0.1
8/24/2012,0.1
8/27/2012,0.1
8/28/2012,0.12
8/29/2012,0.12
8/30/2012,0.12
8/31/2012,0.09
9/3/2012,.
9/4/2012,0.1
9/5/2012,0.11
9/6/2012,0.1
9/7/2012,0.09
9/10/2012,0.09
9/11/2012,0.09
9/12/2012,0.09
9/13/2012,0.1
9/14/2012,0.08
9/17/2012,0.06
9/18/2012,0.08
9/19/2012,0.08
9/20/2012,0.06
9/21/2012,0.05
9/24/2012,0.03
9/25/2012,0.06
9/26/2012,0.05
9/27/2012,0.05
9/28/2012,0.06
10/1/2012,0.05
10/2/2012,0.09
10/3/2012,0.09
10/4/2012,0.1
10/5/2012,0.1
10/8/2012,.
10/9/2012,0.11
10/10/2012,0.12
10/11/2012,0.12
10/12/2012,0.12
10/15/2012,0.1
10/16/2012,0.13
10/17/2012,0.13
10/18/2012,0.12
10/19/2012,0.11
10/22/2012,0.1
10/23/2012,0.11
10/24/2012,0.13
10/25/2012,0.13
10/26/2012,0.12
10/29/2012,0.13
10/30/2012,.
10/31/2012,0.09
11/1/2012,0.06
11/2/2012,0.08
11/5/2012,0.09
11/6/2012,0.12
11/7/2012,0.12
11/8/2012,0.13
11/9/2012,0.13
11/12/2012,.
11/13/2012,0.12
11/14/2012,0.15
11/15/2012,0.13
11/16/2012,0.07
11/19/2012,0.06
11/20/2012,0.15
11/21/2012,0.17
11/22/2012,.
11/23/2012,0.16
11/26/2012,0.14
11/27/2012,0.17
11/28/2012,0.17
11/29/2012,0.16
11/30/2012,0.11
12/3/2012,0.13
12/4/2012,0.07
12/5/2012,0.07
12/6/2012,0.07
12/7/2012,0.06
12/10/2012,0.05
12/11/2012,0.04
12/12/2012,0.04
12/13/2012,0.02
12/14/2012,0.01
12/17/2012,0.01
12/18/2012,0.04
12/19/2012,0.03
12/20/2012,0.02
12/21/2012,0.02
12/24/2012,0.03
12/25/2012,.
12/26/2012,0.05
12/27/2012,0.01
12/28/2012,0
12/31/2012,0.02
1/1/2013,.
1/2/2013,0.07
1/3/2013,0.06
1/4/2013,0.06
1/7/2013,0.05
1/8/2013,0.06
1/9/2013,0.04
1/10/2013,0.05
1/11/2013,0.04
1/14/2013,0.05
1/15/2013,0.09
1/16/2013,0.07
1/17/2013,0.05
1/18/2013,0.04
1/21/2013,.
1/22/2013,0.04
1/23/2013,0.06
1/24/2013,0.06
1/25/2013,0.06
1/28/2013,0.03
1/29/2013,0.03
1/30/2013,0.04
1/31/2013,0.04
2/1/2013,0.02
2/4/2013,0.03
2/5/2013,0.06
2/6/2013,0.06
2/7/2013,0.03
2/8/2013,0.03
2/11/2013,0.05
2/12/2013,0.08
2/13/2013,0.09
2/14/2013,0.1
2/15/2013,0.09
2/18/2013,.
2/19/2013,0.09
2/20/2013,0.12
2/21/2013,0.12
2/22/2013,0.11
2/25/2013,0.09
2/26/2013,0.11
2/27/2013,0.11
2/28/2013,0.07
3/1/2013,0.07
3/4/2013,0.07
3/5/2013,0.09
3/6/2013,0.09
3/7/2013,0.1
3/8/2013,0.09
3/11/2013,0.09
3/12/2013,0.1
3/13/2013,0.09
3/14/2013,0.08
3/15/2013,0.07
3/18/2013,0.07
3/19/2013,0.08
3/20/2013,0.08
3/21/2013,0.08
3/22/2013,0.07
3/25/2013,0.06
3/26/2013,0.08
3/27/2013,0.06
3/28/2013,0.04
3/29/2013,.
4/1/2013,0.06
4/2/2013,0.06
4/3/2013,0.06
4/4/2013,0.07
4/5/2013,0.05
4/8/2013,0.05
4/9/2013,0.06
4/10/2013,0.07
4/11/2013,0.06
4/12/2013,0.05
4/15/2013,0.04
4/16/2013,0.06
4/17/2013,0.05
4/18/2013,0.03
4/19/2013,0.04
4/22/2013,0.04
4/23/2013,0.04
4/24/2013,0.05
4/25/2013,0.04
4/26/2013,0.04
4/29/2013,0.03
4/30/2013,0.03
5/1/2013,0.03
5/2/2013,0.02
5/3/2013,0.02
5/6/2013,0.01
5/7/2013,0.01
5/8/2013,0.01
5/9/2013,0.02
5/10/2013,0.02
5/13/2013,0.02
5/14/2013,0.01
5/15/2013,0.01
5/16/2013,0
5/17/2013,0.01
5/20/2013,0.01
5/21/2013,0.04
5/22/2013,0.04
5/23/2013,0.03
5/24/2013,0.03
5/27/2013,.
5/28/2013,0.02
5/29/2013,0.04
5/30/2013,0.02
5/31/2013,0.03
6/3/2013,0.03
6/4/2013,0.05
6/5/2013,0.04
6/6/2013,0.04
6/7/2013,0.04
6/10/2013,0.04
6/11/2013,0.05
6/12/2013,0.04
6/13/2013,0.04
6/14/2013,0.04
6/17/2013,0.05
6/18/2013,0.04
6/19/2013,0.04
6/20/2013,0.03
6/21/2013,0.02
6/24/2013,0.01
6/25/2013,0.03
6/26/2013,0.02
6/27/2013,0.02
6/28/2013,0.02
7/1/2013,0.01
7/2/2013,0.02
7/3/2013,0.03
7/4/2013,.
7/5/2013,0.03
7/8/2013,0.02
7/9/2013,0.04
7/10/2013,0.03
7/11/2013,0.02
7/12/2013,0.02
7/15/2013,0.02
7/16/2013,0.02
7/17/2013,0.02
7/18/2013,0.01
7/19/2013,0.01
7/22/2013,0.01
7/23/2013,0.02
7/24/2013,0.02
7/25/2013,0.02
7/26/2013,0.02
7/29/2013,0.01
7/30/2013,0.03
7/31/2013,0.03
8/1/2013,0.02
8/2/2013,0.02
8/5/2013,0.03
8/6/2013,0.05
8/7/2013,0.05
8/8/2013,0.05
8/9/2013,0.05
8/12/2013,0.05
8/13/2013,0.06
8/14/2013,0.06
8/15/2013,0.05
8/16/2013,0.05
8/19/2013,0.03
8/20/2013,0.03
8/21/2013,0.02
8/22/2013,0.01
8/23/2013,0.02
8/26/2013,0.03
8/27/2013,0.04
8/28/2013,0.04
8/29/2013,0.03
8/30/2013,0.02
9/2/2013,.
9/3/2013,0.03
9/4/2013,0.02
9/5/2013,0.03
9/6/2013,0.02
9/9/2013,0.02
9/10/2013,0.01
9/11/2013,0.01
9/12/2013,0.01
9/13/2013,0.01
9/16/2013,0.01
9/17/2013,0.01
9/18/2013,0.01
9/19/2013,0
9/20/2013,0.01
9/23/2013,0.01
9/24/2013,0.02
9/25/2013,0.02
9/26/2013,0.04
9/27/2013,0.03
9/30/2013,0.03
10/1/2013,0.1
10/2/2013,0.08
10/3/2013,0.12
10/4/2013,0.11
10/7/2013,0.13
10/8/2013,0.27
10/9/2013,0.26
10/10/2013,0.25
10/11/2013,0.25
10/14/2013,.
10/15/2013,0.32
10/16/2013,0.14
10/17/2013,0.01
10/18/2013,0.01
10/21/2013,0.02
10/22/2013,0.04
10/23/2013,0.02
10/24/2013,0.02
10/25/2013,0.02
10/28/2013,0.02
10/29/2013,0.06
10/30/2013,0.05
10/31/2013,0.03
11/1/2013,0.03
11/4/2013,0.02
11/5/2013,0.06
11/6/2013,0.05
11/7/2013,0.04
11/8/2013,0.04
11/11/2013,.
11/12/2013,0.05
11/13/2013,0.06
11/14/2013,0.06
11/15/2013,0.06
11/18/2013,0.05
11/19/2013,0.05
11/20/2013,0.06
11/21/2013,0.02
11/22/2013,0.02
11/25/2013,0.04
11/26/2013,0.07
11/27/2013,0.06
11/28/2013,.
11/29/2013,0.05
12/2/2013,0.02
12/3/2013,0.04
12/4/2013,0.04
12/5/2013,0.02
12/6/2013,0.03
12/9/2013,0.04
12/10/2013,0.03
12/11/2013,0.02
12/12/2013,0.01
12/13/2013,0.02
12/16/2013,0.02
12/17/2013,0.02
12/18/2013,0.01
12/19/2013,0.01
12/20/2013,0.02
12/23/2013,0.01
12/24/2013,0.01
12/25/2013,.
12/26/2013,0
12/27/2013,0.01
12/30/2013,0.01
12/31/2013,0.01
1/1/2014,.
1/2/2014,0.01
1/3/2014,0.02
1/6/2014,0.01
1/7/2014,0.01
1/8/2014,0
1/9/2014,0.01
1/10/2014,0.01
1/13/2014,0
1/14/2014,0
1/15/2014,0.01
1/16/2014,0.01
1/17/2014,0.01
1/20/2014,.
1/21/2014,0.01
1/22/2014,0
1/23/2014,0.01
1/24/2014,0.04
1/27/2014,0.04
1/28/2014,0.05
1/29/2014,0.04
1/30/2014,0.04
1/31/2014,0.03
2/3/2014,0.04
2/4/2014,0.12
2/5/2014,0.13
2/6/2014,0.07
2/7/2014,0.1
2/10/2014,0.07
2/11/2014,0.05
2/12/2014,0.01
2/13/2014,0.01
2/14/2014,0.01
2/17/2014,.
2/18/2014,0.02
2/19/2014,0.04
2/20/2014,0.02
2/21/2014,0.02
2/24/2014,0.02
2/25/2014,0.04
2/26/2014,0.04
2/27/2014,0.04
2/28/2014,0.04
3/3/2014,0.04
3/4/2014,0.06
3/5/2014,0.06
3/6/2014,0.06
3/7/2014,0.06
3/10/2014,0.05
3/11/2014,0.06
3/12/2014,0.05
3/13/2014,0.06
3/14/2014,0.05
3/17/2014,0.05
3/18/2014,0.07
3/19/2014,0.07
3/20/2014,0.06
3/21/2014,0.05
3/24/2014,0.05
3/25/2014,0.05
3/26/2014,0.05
3/27/2014,0.02
3/28/2014,0.03
3/31/2014,0.03
4/1/2014,0.02
4/2/2014,0.02
4/3/2014,0.03
4/4/2014,0.03
4/7/2014,0.03
4/8/2014,0.04
4/9/2014,0.03
4/10/2014,0.03
4/11/2014,0.04
4/14/2014,0.03
4/15/2014,0.03
4/16/2014,0.03
4/17/2014,0.02
4/18/2014,.
4/21/2014,0.02
4/22/2014,0.02
4/23/2014,0.02
4/24/2014,0
4/25/2014,0.01
4/28/2014,0
4/29/2014,0.02
4/30/2014,0.02
5/1/2014,0.02
5/2/2014,0.01
5/5/2014,0.01
5/6/2014,0.03
5/7/2014,0.03
5/8/2014,0.02
5/9/2014,0.02
5/12/2014,0.02
5/13/2014,0.03
5/14/2014,0.02
5/15/2014,0.01
5/16/2014,0.01
5/19/2014,0.01
5/20/2014,0.04
5/21/2014,0.04
5/22/2014,0.03
5/23/2014,0.04
5/26/2014,.
5/27/2014,0.03
5/28/2014,0.04
5/29/2014,0.05
5/30/2014,0.05
6/2/2014,0.04
6/3/2014,0.04
6/4/2014,0.04
6/5/2014,0.03
6/6/2014,0.02
6/9/2014,0.03
6/10/2014,0.04
6/11/2014,0.03
6/12/2014,0.02
6/13/2014,0.02
6/16/2014,0.03
6/17/2014,0.03
6/18/2014,0.03
6/19/2014,0.01
6/20/2014,0.01
6/23/2014,0.02
6/24/2014,0.01
6/25/2014,0.01
6/26/2014,0.01
6/27/2014,0.02
6/30/2014,0.02
7/1/2014,0.03
7/2/2014,0.02
7/3/2014,0.01
7/4/2014,.
7/7/2014,0.02
7/8/2014,0.02
7/9/2014,0.03
7/10/2014,0.02
7/11/2014,0.02
7/14/2014,0.02
7/15/2014,0.02
7/16/2014,0.02
7/17/2014,0.02
7/18/2014,0.03
7/21/2014,0.02
7/22/2014,0.03
7/23/2014,0.03
7/24/2014,0.04
7/25/2014,0.03
7/28/2014,0.03
7/29/2014,0.03
7/30/2014,0.03
7/31/2014,0.01
8/1/2014,0.01
8/4/2014,0.02
8/5/2014,0.03
8/6/2014,0.03
8/7/2014,0.03
8/8/2014,0.03
8/11/2014,0.03
8/12/2014,0.05
8/13/2014,0.04
8/14/2014,0.04
8/15/2014,0.03
8/18/2014,0.02
8/19/2014,0.04
8/20/2014,0.04
8/21/2014,0.03
8/22/2014,0.04
8/25/2014,0.02
8/26/2014,0.04
8/27/2014,0.02
8/28/2014,0.02
8/29/2014,0.02
9/1/2014,.
9/2/2014,0.02
9/3/2014,0.02
9/4/2014,0.02
9/5/2014,0.02
9/8/2014,0.01
9/9/2014,0.01
9/10/2014,0.01
9/11/2014,0.01
9/12/2014,0.01
9/15/2014,0.01
9/16/2014,0.01
9/17/2014,0.01
9/18/2014,0.01
9/19/2014,0.01
9/22/2014,0
9/23/2014,0.01
9/24/2014,0.01
9/25/2014,0
9/26/2014,0.01
9/29/2014,0.01
9/30/2014,0.02
10/1/2014,0.01
10/2/2014,0.01
10/3/2014,0.01
10/6/2014,0.01
10/7/2014,0.02
10/8/2014,0.01
10/9/2014,0.02
10/10/2014,0.02
10/13/2014,.
10/14/2014,0.03
10/15/2014,0.02
10/16/2014,0.04
10/17/2014,0.03
10/20/2014,0.03
10/21/2014,0.04
10/22/2014,0.04
10/23/2014,0.02
10/24/2014,0.02
10/27/2014,0.03
10/28/2014,0.02
10/29/2014,0.01
10/30/2014,0.01
10/31/2014,0.01
11/3/2014,0.03
11/4/2014,0.04
11/5/2014,0.04
11/6/2014,0.04
11/7/2014,0.04
11/10/2014,0.04
11/11/2014,.
11/12/2014,0.05
11/13/2014,0.05
11/14/2014,0.04
11/17/2014,0.02
11/18/2014,0.04
11/19/2014,0.04
11/20/2014,0.04
11/21/2014,0.04
11/24/2014,0.04
11/25/2014,0.06
11/26/2014,0.06
11/27/2014,.
11/28/2014,0.04
12/1/2014,0.01
12/2/2014,0.04
12/3/2014,0.03
12/4/2014,0.03
12/5/2014,0.02
12/8/2014,0.03
12/9/2014,0.05
12/10/2014,0.05
12/11/2014,0.02
12/12/2014,0.02
12/15/2014,0.02
12/16/2014,0.03
12/17/2014,0.03
12/18/2014,0.04
12/19/2014,0.01
12/22/2014,0.01
12/23/2014,0.02
12/24/2014,0.01
12/25/2014,.
12/26/2014,0.01
12/29/2014,0.01
12/30/2014,0.03
12/31/2014,0.03
1/1/2015,.
1/2/2015,0.02
1/5/2015,0.02
1/6/2015,0.02
1/7/2015,0.02
1/8/2015,0.01
1/9/2015,0.02
1/12/2015,0.02
1/13/2015,0.02
1/14/2015,0.02
1/15/2015,0.03
1/16/2015,0.02
1/19/2015,.
1/20/2015,0.01
1/21/2015,0.01
1/22/2015,0.02
1/23/2015,0.02
1/26/2015,0.02
1/27/2015,0.02
1/28/2015,0.02
1/29/2015,0.01
1/30/2015,0.01
2/2/2015,0.01
2/3/2015,0.02
2/4/2015,0.01
2/5/2015,0.02
2/6/2015,0.01
2/9/2015,0.02
2/10/2015,0.02
2/11/2015,0.02
2/12/2015,0.02
2/13/2015,0.02
2/16/2015,.
2/17/2015,0.02
2/18/2015,0.02
2/19/2015,0.02
2/20/2015,0.02
2/23/2015,0.01
2/24/2015,0.02
2/25/2015,0.02
2/26/2015,0.02
2/27/2015,0.02
3/2/2015,0.02
3/3/2015,0.01
3/4/2015,0.01
3/5/2015,0.02
3/6/2015,0.02
3/9/2015,0.01
3/10/2015,0.03
3/11/2015,0.03
3/12/2015,0.03
3/13/2015,0.03
3/16/2015,0.02
3/17/2015,0.05
3/18/2015,0.02
3/19/2015,0.02
3/20/2015,0
3/23/2015,0.02
3/24/2015,0.03
3/25/2015,0.02
3/26/2015,0.02
3/27/2015,0.02
3/30/2015,0.02
3/31/2015,0.05
4/1/2015,0.02
4/2/2015,0.02
4/3/2015,0.04
4/6/2015,0.02
4/7/2015,0.02
4/8/2015,0.02
4/9/2015,0.02
4/10/2015,0.01
4/13/2015,0.02
4/14/2015,0.02
4/15/2015,0.02
4/16/2015,0.03
4/17/2015,0.03
4/20/2015,0.03
4/21/2015,0.02
4/22/2015,0.01
4/23/2015,0.01
4/24/2015,0.03
4/27/2015,0.01
4/28/2015,0
4/29/2015,0
4/30/2015,0
5/1/2015,0
5/4/2015,0.01
5/5/2015,0.01
5/6/2015,0.02
5/7/2015,0.01
5/8/2015,0.01
5/11/2015,0.02
5/12/2015,0.01
5/13/2015,0.02
5/14/2015,0
5/15/2015,0.02
5/18/2015,0.01
5/19/2015,0.02
5/20/2015,0.02
5/21/2015,0.02
5/22/2015,0.01
5/25/2015,.
5/26/2015,0.01
5/27/2015,0.02
5/28/2015,0.01
5/29/2015,0.01
6/1/2015,0.02
6/2/2015,0.02
6/3/2015,0.02
6/4/2015,0.02
6/5/2015,0.02
6/8/2015,0.01
6/9/2015,0.01
6/10/2015,0.01
6/11/2015,0.01
6/12/2015,0.01
6/15/2015,0
6/16/2015,0
6/17/2015,0
6/18/2015,0
6/19/2015,0
6/22/2015,0
6/23/2015,0
6/24/2015,0
6/25/2015,0
6/26/2015,0
6/29/2015,0
6/30/2015,0.02
7/1/2015,0.01
7/2/2015,0.01
7/3/2015,.
7/6/2015,0.01
7/7/2015,0.02
7/8/2015,0.02
7/9/2015,0.02
7/10/2015,0.01
7/13/2015,0.02
7/14/2015,0.03
7/15/2015,0.03
7/16/2015,0.03
7/17/2015,0.03
7/20/2015,0.03
7/21/2015,0.04
7/22/2015,0.04
7/23/2015,0.04
7/24/2015,0.04
7/27/2015,0.04
7/28/2015,0.05
7/29/2015,0.05
7/30/2015,0.05
7/31/2015,0.04
8/3/2015,0.03
8/4/2015,0.05
8/5/2015,0.05
8/6/2015,0.04
8/7/2015,0.03
8/10/2015,0.03
8/11/2015,0.06
8/12/2015,0.06
8/13/2015,0.06
8/14/2015,0.04
8/17/2015,0.03
8/18/2015,0.05
8/19/2015,0.05
8/20/2015,0.01
8/21/2015,0.02
8/24/2015,0.02
8/25/2015,0.04
8/26/2015,0.03
8/27/2015,0.02
8/28/2015,0.02
8/31/2015,0
9/1/2015,0.01
9/2/2015,0.01
9/3/2015,0.02
9/4/2015,0.02
9/7/2015,.
9/8/2015,0.02
9/9/2015,0.02
9/10/2015,0.02
9/11/2015,0.04
9/14/2015,0.02
9/15/2015,0
9/16/2015,0
9/17/2015,0
9/18/2015,0
9/21/2015,0
9/22/2015,0
9/23/2015,0
9/24/2015,0
9/25/2015,0
9/28/2015,0
9/29/2015,0
9/30/2015,0
10/1/2015,0
10/2/2015,0
10/5/2015,0
10/6/2015,0
10/7/2015,0
10/8/2015,0
10/9/2015,0.01
10/12/2015,.
10/13/2015,0
10/14/2015,0
10/15/2015,0
10/16/2015,0.03
10/19/2015,0.06
10/20/2015,0.08
10/21/2015,0.01
10/22/2015,0.02
10/23/2015,0.01
10/26/2015,0.01
10/27/2015,0.01
10/28/2015,0.03
10/29/2015,0.02
10/30/2015,0.01
11/2/2015,0.01
11/3/2015,0.07
11/4/2015,0.07
11/5/2015,0.04
11/6/2015,0.04
11/9/2015,0.06
11/10/2015,0.08
11/11/2015,.
11/12/2015,0.08
11/13/2015,0.03
11/16/2015,0.05
11/17/2015,0.07
11/18/2015,0.07
11/19/2015,0.06
11/20/2015,0.05
11/23/2015,0.06
11/24/2015,0.13
11/25/2015,0.14
11/26/2015,.
11/27/2015,0.13
11/30/2015,0.11
12/1/2015,0.19
12/2/2015,0.19
12/3/2015,0.18
12/4/2015,0.17
12/7/2015,0.21
12/8/2015,0.23
12/9/2015,0.19
12/10/2015,0.19
12/11/2015,0.15
12/14/2015,0.13
12/15/2015,0.21
12/16/2015,0.2
12/17/2015,0.18
12/18/2015,0.16
12/21/2015,0.14
12/22/2015,0.19
12/23/2015,0.19
12/24/2015,0.15
12/25/2015,.
12/28/2015,0.13
12/29/2015,0.18
12/30/2015,0.08
12/31/2015,0.14
1/1/2016,.
1/4/2016,0.17
1/5/2016,0.2
1/6/2016,0.21
1/7/2016,0.2
1/8/2016,0.2
1/11/2016,0.19
1/12/2016,0.22
1/13/2016,0.22
1/14/2016,0.22
1/15/2016,0.19
1/18/2016,.
1/19/2016,0.21
1/20/2016,0.26
1/21/2016,0.27
1/22/2016,0.26
1/25/2016,0.25
1/26/2016,0.29
1/27/2016,0.28
1/28/2016,0.26
1/29/2016,0.22
2/1/2016,0.19
2/2/2016,0.26
2/3/2016,0.27
2/4/2016,0.24
2/5/2016,0.23
2/8/2016,0.21
2/9/2016,0.27
2/10/2016,0.27
2/11/2016,0.27
2/12/2016,0.26
2/15/2016,.
2/16/2016,0.23
2/17/2016,0.28
2/18/2016,0.28
2/19/2016,0.26
2/22/2016,0.28
2/23/2016,0.28
2/24/2016,0.28
2/25/2016,0.27
2/26/2016,0.26
2/29/2016,0.23
3/1/2016,0.29
3/2/2016,0.28
3/3/2016,0.25
3/4/2016,0.25
3/7/2016,0.27
3/8/2016,0.27
3/9/2016,0.27
3/10/2016,0.27
3/11/2016,0.27
3/14/2016,0.28
3/15/2016,0.29
3/16/2016,0.28
3/17/2016,0.29
3/18/2016,0.27
3/21/2016,0.26
3/22/2016,0.28
3/23/2016,0.27
3/24/2016,0.24
3/25/2016,.
3/28/2016,0.19
3/29/2016,0.18
3/30/2016,0.14
3/31/2016,0.18
4/1/2016,0.2
4/4/2016,0.18
4/5/2016,0.19
4/6/2016,0.19
4/7/2016,0.2
4/8/2016,0.2
4/11/2016,0.19
4/12/2016,0.21
4/13/2016,0.21
4/14/2016,0.21
4/15/2016,0.19
4/18/2016,0.16
4/19/2016,0.18
4/20/2016,0.18
4/21/2016,0.19
4/22/2016,0.19
4/25/2016,0.17
4/26/2016,0.19
4/27/2016,0.18
4/28/2016,0.17
4/29/2016,0.16
5/2/2016,0.11
5/3/2016,0.18
5/4/2016,0.18
5/5/2016,0.2
5/6/2016,0.2
5/9/2016,0.21
5/10/2016,0.25
5/11/2016,0.25
5/12/2016,0.25
5/13/2016,0.25
5/16/2016,0.21
5/17/2016,0.25
5/18/2016,0.25
5/19/2016,0.25
5/20/2016,0.26
5/23/2016,0.26
5/24/2016,0.28
5/25/2016,0.24
5/26/2016,0.17
5/27/2016,0.23
5/30/2016,.
5/31/2016,0.27
6/1/2016,0.27
6/2/2016,0.19
6/3/2016,0.19
6/6/2016,0.19
6/7/2016,0.2
6/8/2016,0.2
6/9/2016,0.21
6/10/2016,0.18
6/13/2016,0.23
6/14/2016,0.24
6/15/2016,0.23
6/16/2016,0.23
6/17/2016,0.22
6/20/2016,0.23
6/21/2016,0.25
6/22/2016,0.25
6/23/2016,0.27
6/24/2016,0.24
6/27/2016,0.22
6/28/2016,0.25
6/29/2016,0.18
6/30/2016,0.2
7/1/2016,0.24
7/4/2016,.
7/5/2016,0.27
7/6/2016,0.26
7/7/2016,0.27
7/8/2016,0.26
7/11/2016,0.28
7/12/2016,0.29
7/13/2016,0.29
7/14/2016,0.29
7/15/2016,0.27
7/18/2016,0.26
7/19/2016,0.29
7/20/2016,0.28
7/21/2016,0.28
7/22/2016,0.29
7/25/2016,0.28
7/26/2016,0.24
7/27/2016,0.25
7/28/2016,0.19
7/29/2016,0.19
8/1/2016,0.2
8/2/2016,0.28
8/3/2016,0.26
8/4/2016,0.24
8/5/2016,0.23
8/8/2016,0.27
8/9/2016,0.27
8/10/2016,0.27
8/11/2016,0.27
8/12/2016,0.27
8/15/2016,0.26
8/16/2016,0.27
8/17/2016,0.27
8/18/2016,0.27
8/19/2016,0.27
8/22/2016,0.24
8/23/2016,0.28
8/24/2016,0.28
8/25/2016,0.28
8/26/2016,0.28
8/29/2016,0.25
8/30/2016,0.23
8/31/2016,0.26
9/1/2016,0.27
9/2/2016,0.25
9/5/2016,.
9/6/2016,0.24
9/7/2016,0.25
9/8/2016,0.26
9/9/2016,0.24
9/12/2016,0.24
9/13/2016,0.25
9/14/2016,0.24
9/15/2016,0.2
9/16/2016,0.2
9/19/2016,0.16
9/20/2016,0.17
9/21/2016,0.12
9/22/2016,0.1
9/23/2016,0.09
9/26/2016,0.12
9/27/2016,0.16
9/28/2016,0.14
9/29/2016,0.12
9/30/2016,0.2
10/3/2016,0.25
10/4/2016,0.28
10/5/2016,0.26
10/6/2016,0.26
10/7/2016,0.26
10/10/2016,.
10/11/2016,0.27
10/12/2016,0.26
10/13/2016,0.26
10/14/2016,0.26
10/17/2016,0.24
10/18/2016,0.26
10/19/2016,0.25
10/20/2016,0.25
10/21/2016,0.25
10/24/2016,0.23
10/25/2016,0.22
10/26/2016,0.25
10/27/2016,0.19
10/28/2016,0.18
10/31/2016,0.2
11/1/2016,0.24
11/2/2016,0.24
11/3/2016,0.24
11/4/2016,0.25
11/7/2016,0.28
11/8/2016,0.28
11/9/2016,0.3
11/10/2016,0.3
11/11/2016,.
11/14/2016,0.32
11/15/2016,0.3
11/16/2016,0.32
11/17/2016,0.3
11/18/2016,0.28
11/21/2016,0.28
11/22/2016,0.34
11/23/2016,0.35
11/24/2016,.
11/25/2016,0.34
11/28/2016,0.32
11/29/2016,0.34
11/30/2016,0.38
12/1/2016,0.32
12/2/2016,0.34
12/5/2016,0.34
12/6/2016,0.35
12/7/2016,0.38
12/8/2016,0.39
12/9/2016,0.41
12/12/2016,0.42
12/13/2016,0.47
12/14/2016,0.49
12/15/2016,0.48
12/16/2016,0.46
12/19/2016,0.45
12/20/2016,0.48
12/21/2016,0.46
12/22/2016,0.42
12/23/2016,0.42
12/26/2016,.
12/27/2016,0.5
12/28/2016,0.48
12/29/2016,0.39
12/30/2016,0.44
1/2/2017,.
1/3/2017,0.52
1/4/2017,0.49
1/5/2017,0.51
1/6/2017,0.5
1/9/2017,0.5
1/10/2017,0.51
1/11/2017,0.51
1/12/2017,0.52
1/13/2017,0.52
1/16/2017,.
1/17/2017,0.52
1/18/2017,0.48
1/19/2017,0.47
1/20/2017,0.46
1/23/2017,0.46
1/24/2017,0.5
1/25/2017,0.48
1/26/2017,0.49
1/27/2017,0.49
1/30/2017,0.49
1/31/2017,0.5
2/1/2017,0.5
2/2/2017,0.5
2/3/2017,0.49
2/6/2017,0.48
2/7/2017,0.51
2/8/2017,0.52
2/9/2017,0.51
2/10/2017,0.51
2/13/2017,0.5
2/14/2017,0.51
2/15/2017,0.53
2/16/2017,0.51
2/17/2017,0.5
2/20/2017,.
2/21/2017,0.49
2/22/2017,0.47
2/23/2017,0.39
2/24/2017,0.4
2/27/2017,0.44
2/28/2017,0.4
3/1/2017,0.46
3/2/2017,0.52
3/3/2017,0.56
3/6/2017,0.56
3/7/2017,0.55
3/8/2017,0.54
3/9/2017,0.5
3/10/2017,0.6
3/13/2017,0.69
3/14/2017,0.77
3/15/2017,0.71
3/16/2017,0.68
3/17/2017,0.71
3/20/2017,0.7
3/21/2017,0.76
3/22/2017,0.74
3/23/2017,0.73
3/24/2017,0.73
3/27/2017,0.73
3/28/2017,0.75
3/29/2017,0.76
3/30/2017,0.75
3/31/2017,0.74
4/3/2017,0.73
4/4/2017,0.77
4/5/2017,0.77
4/6/2017,0.78
4/7/2017,0.77
4/10/2017,0.77
4/11/2017,0.74
4/12/2017,0.77
4/13/2017,0.76
4/14/2017,.
4/17/2017,0.76
4/18/2017,0.76
4/19/2017,0.75
4/20/2017,0.73
4/21/2017,0.72
4/24/2017,0.74
4/25/2017,0.73
4/26/2017,0.74
4/27/2017,0.7
4/28/2017,0.68
5/1/2017,0.67
5/2/2017,0.72
5/3/2017,0.73
5/4/2017,0.71
5/5/2017,0.71
5/8/2017,0.73
5/9/2017,0.74
5/10/2017,0.71
5/11/2017,0.68
5/12/2017,0.69
5/15/2017,0.73
5/16/2017,0.72
5/17/2017,0.72
5/18/2017,0.73
5/19/2017,0.71
5/22/2017,0.7
5/23/2017,0.76
5/24/2017,0.76
5/25/2017,0.72
5/26/2017,0.75
5/29/2017,.
5/30/2017,0.77
5/31/2017,0.86
6/1/2017,0.82
6/2/2017,0.82
6/5/2017,0.83
6/6/2017,0.83
6/7/2017,0.84
6/8/2017,0.8
6/9/2017,0.8
6/12/2017,0.82
6/13/2017,0.89
6/14/2017,0.9
6/15/2017,0.86
6/16/2017,0.85
6/19/2017,0.85
6/20/2017,0.88
6/21/2017,0.85
6/22/2017,0.8
6/23/2017,0.76
6/26/2017,0.81
6/27/2017,0.89
6/28/2017,0.89
6/29/2017,0.88
6/30/2017,0.84
7/3/2017,0.96
7/4/2017,.
7/5/2017,0.97
7/6/2017,0.95
7/7/2017,0.94
7/10/2017,0.95
7/11/2017,0.97
7/12/2017,0.94
7/13/2017,0.95
7/14/2017,0.93
7/17/2017,0.95
7/18/2017,0.95
7/19/2017,0.99
7/20/2017,1
7/21/2017,1
7/24/2017,1
7/25/2017,0.96
7/26/2017,1.02
7/27/2017,1.01
7/28/2017,1
7/31/2017,1
8/1/2017,1
8/2/2017,1.02
8/3/2017,1
8/4/2017,1
8/7/2017,0.99
8/8/2017,1
8/9/2017,1.01
8/10/2017,1.02
8/11/2017,0.99
8/14/2017,0.95
8/15/2017,0.97
8/16/2017,0.97
8/17/2017,0.95
8/18/2017,0.97
8/21/2017,0.95
8/22/2017,0.93
8/23/2017,0.98
8/24/2017,0.98
8/25/2017,0.99
8/28/2017,0.99
8/29/2017,0.96
8/30/2017,0.96
8/31/2017,0.95
9/1/2017,0.96
9/4/2017,.
9/5/2017,1.3
9/6/2017,1.04
9/7/2017,0.98
9/8/2017,0.96
9/11/2017,0.97
9/12/2017,0.99
9/13/2017,0.99
9/14/2017,0.99
9/15/2017,0.98
9/18/2017,0.96
9/19/2017,0.97
9/20/2017,0.98
9/21/2017,0.99
9/22/2017,0.97
9/25/2017,0.97
9/26/2017,0.96
9/27/2017,0.99
9/28/2017,0.97
9/29/2017,0.96
10/2/2017,0.95
10/3/2017,1.01
10/4/2017,1
10/5/2017,1.02
10/6/2017,1.03
10/9/2017,.
10/10/2017,1.03
10/11/2017,1.04
10/12/2017,0.99
10/13/2017,0.97
10/16/2017,0.97
10/17/2017,0.99
10/18/2017,0.99
10/19/2017,0.99
10/20/2017,0.99
10/23/2017,1
10/24/2017,1
10/25/2017,1.01
10/26/2017,0.99
10/27/2017,0.98
10/30/2017,0.97
10/31/2017,0.99
11/1/2017,1.06
11/2/2017,1.02
11/3/2017,1.02
11/6/2017,1.03
11/7/2017,1.05
11/8/2017,1.05
11/9/2017,1.07
11/10/2017,1.06
11/13/2017,1.07
11/14/2017,1.06
11/15/2017,1.08
11/16/2017,1.08
11/17/2017,1.08
11/20/2017,1.09
11/21/2017,1.15
11/22/2017,1.16
11/23/2017,.
11/24/2017,1.14
11/27/2017,1.15
11/28/2017,1.16
11/29/2017,1.17
11/30/2017,1.14
12/1/2017,1.14
12/4/2017,1.16
12/5/2017,1.21
12/6/2017,1.18
12/7/2017,1.16
12/8/2017,1.14
12/11/2017,1.18
12/12/2017,1.26
12/13/2017,1.22
12/14/2017,1.21
12/15/2017,1.24
12/18/2017,1.26
12/19/2017,1.25
12/20/2017,1.22
12/21/2017,1.21
12/22/2017,1.15
12/25/2017,.
12/26/2017,1.24
12/27/2017,1.18
12/28/2017,1.19
12/29/2017,1.28
1/1/2018,.
1/2/2018,1.29
1/3/2018,1.29
1/4/2018,1.28
1/5/2018,1.27
1/8/2018,1.3
1/9/2018,1.27
1/10/2018,1.31
1/11/2018,1.32
1/12/2018,1.31
1/15/2018,.
1/16/2018,1.33
1/17/2018,1.31
1/18/2018,1.29
1/19/2018,1.28
1/22/2018,1.27
1/23/2018,1.26
1/24/2018,1.25
1/25/2018,1.23
1/26/2018,1.24
1/29/2018,1.28
1/30/2018,1.49
1/31/2018,1.43
2/1/2018,1.41
2/2/2018,1.4
2/5/2018,1.4
2/6/2018,1.48
2/7/2018,1.36
2/8/2018,1.32
2/9/2018,1.31
2/12/2018,1.35
2/13/2018,1.34
2/14/2018,1.32
2/15/2018,1.3
2/16/2018,1.35
2/19/2018,.
2/20/2018,1.39
2/21/2018,1.4
2/22/2018,1.34
2/23/2018,1.38
2/26/2018,1.39
2/27/2018,1.49
2/28/2018,1.5
3/1/2018,1.5
3/2/2018,1.5
3/5/2018,1.53
3/6/2018,1.56
3/7/2018,1.57
3/8/2018,1.57
3/9/2018,1.57
3/12/2018,1.6
3/13/2018,1.64
3/14/2018,1.71
3/15/2018,1.7
3/16/2018,1.71
3/19/2018,1.7
3/20/2018,1.76
3/21/2018,1.71
3/22/2018,1.67
3/23/2018,1.69
3/26/2018,1.71
3/27/2018,1.69
3/28/2018,1.65
3/29/2018,1.63
3/30/2018,.
4/2/2018,1.68
4/3/2018,1.7
4/4/2018,1.67
4/5/2018,1.67
4/6/2018,1.68
4/9/2018,1.67
4/10/2018,1.63
4/11/2018,1.64
4/12/2018,1.65
4/13/2018,1.64
4/16/2018,1.64
4/17/2018,1.68
4/18/2018,1.67
4/19/2018,1.67
4/20/2018,1.65
4/23/2018,1.69
4/24/2018,1.7
4/25/2018,1.65
4/26/2018,1.62
4/27/2018,1.62
4/30/2018,1.65
5/1/2018,1.68
5/2/2018,1.69
5/3/2018,1.68
5/4/2018,1.67
5/7/2018,1.69
5/8/2018,1.69
5/9/2018,1.68
5/10/2018,1.69
5/11/2018,1.68
5/14/2018,1.7
5/15/2018,1.69
5/16/2018,1.69
5/17/2018,1.7
5/18/2018,1.68
5/21/2018,1.71
5/22/2018,1.73
5/23/2018,1.76
5/24/2018,1.74
5/25/2018,1.7
5/28/2018,.
5/29/2018,1.77
5/30/2018,1.77
5/31/2018,1.76
6/1/2018,1.74
6/4/2018,1.77
6/5/2018,1.82
6/6/2018,1.81
6/7/2018,1.78
6/8/2018,1.78
6/11/2018,1.82
6/12/2018,1.81
6/13/2018,1.82
6/14/2018,1.81
6/15/2018,1.82
6/18/2018,1.84
6/19/2018,1.85
6/20/2018,1.85
6/21/2018,1.85
6/22/2018,1.83
6/25/2018,1.8
6/26/2018,1.79
6/27/2018,1.79
6/28/2018,1.76
6/29/2018,1.77
7/2/2018,1.9
7/3/2018,1.91
7/4/2018,.
7/5/2018,1.87
7/6/2018,1.86
7/9/2018,1.87
7/10/2018,1.88
7/11/2018,1.89
7/12/2018,1.89
7/13/2018,1.87
7/16/2018,1.9
7/17/2018,1.93
7/18/2018,1.9
7/19/2018,1.89
7/20/2018,1.86
7/23/2018,1.88
7/24/2018,1.92
7/25/2018,1.9
7/26/2018,1.89
7/27/2018,1.9
7/30/2018,1.91
7/31/2018,1.94
8/1/2018,1.93
8/2/2018,1.89
8/3/2018,1.9
8/6/2018,1.92
8/7/2018,1.96
8/8/2018,1.93
8/9/2018,1.91
8/10/2018,1.92
8/13/2018,1.93
8/14/2018,1.96
8/15/2018,1.96
8/16/2018,1.96
8/17/2018,1.95
8/20/2018,1.93
8/21/2018,1.94
8/22/2018,1.95
8/23/2018,1.94
8/24/2018,1.95
8/27/2018,1.96
8/28/2018,1.96
8/29/2018,1.97
8/30/2018,1.97
8/31/2018,1.95
9/3/2018,.
9/4/2018,2
9/5/2018,2
9/6/2018,1.98
9/7/2018,1.98
9/10/2018,1.98
9/11/2018,2.02
9/12/2018,2.01
9/13/2018,2.01
9/14/2018,2.02
9/17/2018,2.02
9/18/2018,2.05
9/19/2018,2.03
9/20/2018,2.03
9/21/2018,2.05
9/24/2018,2.07
9/25/2018,2.12
9/26/2018,2.11
9/27/2018,2.1
9/28/2018,2.12
10/1/2018,2.13
10/2/2018,2.14
10/3/2018,2.15
10/4/2018,2.16
10/5/2018,2.15
10/8/2018,.
10/9/2018,2.17
10/10/2018,2.18
10/11/2018,2.14
10/12/2018,2.14
10/15/2018,2.17
10/16/2018,2.19
10/17/2018,2.2
10/18/2018,2.19
10/19/2018,2.19
10/22/2018,2.18
10/23/2018,2.21
10/24/2018,2.2
10/25/2018,2.19
10/26/2018,2.16
10/29/2018,2.17
10/30/2018,2.21
10/31/2018,2.2
11/1/2018,2.21
11/2/2018,2.19
11/5/2018,2.2
11/6/2018,2.23
11/7/2018,2.23
11/8/2018,2.21
11/9/2018,2.21
11/12/2018,.
11/13/2018,2.24
11/14/2018,2.24
11/15/2018,2.2
11/16/2018,2.21
11/19/2018,2.23
11/20/2018,2.23
11/21/2018,2.25
11/22/2018,.
11/23/2018,2.25
11/26/2018,2.24
11/27/2018,2.31
11/28/2018,2.31
11/29/2018,2.31
11/30/2018,2.31
12/3/2018,2.3
12/4/2018,2.37
12/5/2018,.
12/6/2018,2.36
12/7/2018,2.32
12/10/2018,2.32
12/11/2018,2.28
12/12/2018,2.3
12/13/2018,2.36
12/14/2018,2.36
12/17/2018,2.36
12/18/2018,2.35
12/19/2018,2.35
12/20/2018,2.42
12/21/2018,2.41
12/24/2018,2.42
12/25/2018,.
12/26/2018,2.41
12/27/2018,2.43
12/28/2018,2.39
12/31/2018,2.44
1/1/2019,.
1/2/2019,2.4
1/3/2019,2.42
1/4/2019,2.4
1/7/2019,2.42
1/8/2019,2.4
1/9/2019,2.4
1/10/2019,2.42
