Date,Import Energy,Export Energy
2019-03-29,8870,7594
2019-03-22,8761,8084
2019-03-15,9048,7589
2019-03-08,8898,7785
2019-03-01,8911,8272
2019-02-22,8002,8164
2019-02-15,9436,8330
2019-02-08,8172,7541
2019-02-01,9908,8022
2019-01-25,8707,6998
2019-01-18,10312,6954
2019-01-11,9922,7685
2019-01-04,9931,6937
2018-12-28,9008,7616
2018-12-21,9498,8856
2018-12-14,9235,7777
2018-12-07,9136,7814
2018-11-30,8838,9049
2018-11-23,10096,8714
2018-11-16,9386,7171
2018-11-09,9093,6455
2018-11-02,9443,7337
2018-10-26,9043,7839
2018-10-19,9383,7528
2018-10-12,9723,7554
2018-10-05,9805,7475
2018-09-28,10463,7398
2018-09-21,10082,7837
2018-09-14,10353,7590
2018-09-07,10519,6688
2018-08-31,10024,5569
2018-08-24,10158,6626
2018-08-17,10121,6528
2018-08-10,11121,6869
2018-08-03,10225,7052
2018-07-27,10045,6338
2018-07-20,10255,8051
2018-07-13,11121,6203
2018-07-06,9324,7654
2018-06-29,11382,7476
2018-06-22,10400,8544
2018-06-15,10139,7597
2018-06-08,10712,6712
2018-06-01,10207,7031
2018-05-25,10291,6822
2018-05-18,11018,6881
2018-05-11,9773,7205
2018-05-04,9855,6692
2018-04-27,10779,7158
2018-04-20,10520,8332
2018-04-13,9770,6725
2018-04-06,10554,6229
2018-03-30,10604,6919
2018-03-23,10314,6491
2018-03-16,8934,6566
2018-03-09,9582,6649
2018-03-02,10587,6403
2018-02-23,9105,5669
2018-02-16,8937,6752
2018-02-09,9834,6274
2018-02-02,10163,5722
2018-01-26,11245,6649
2018-01-19,10290,6213
2018-01-12,9535,6356
2018-01-05,9592,6145
2017-12-29,9843,5945
2017-12-22,10157,6797
2017-12-15,10315,7553
2017-12-08,9623,5632
2017-12-01,9170,6399
2017-11-24,9100,7328
2017-11-17,9795,7012
2017-11-10,9981,6142
2017-11-03,9550,5854
2017-10-27,9629,7678
2017-10-20,9819,7663
2017-10-13,9716,6846
2017-10-06,9801,5945
2017-09-29,9774,7023
2017-09-22,10342,6085
2017-09-15,9422,5417
2017-09-08,8433,3735
2017-09-01,8913,2180
2017-08-25,10496,5411
2017-08-18,10662,5339
2017-08-11,10266,5633
2017-08-04,10368,4890
2017-07-28,10079,5079
2017-07-21,10128,5540
2017-07-14,9972,5537
2017-07-07,9421,5620
2017-06-30,10033,5116
2017-06-23,9832,5599
2017-06-16,10142,4897
2017-06-09,9816,5170
2017-06-02,10633,5117
2017-05-26,10222,6233
2017-05-19,10494,5267
2017-05-12,10636,6005
2017-05-05,10179,5275
2017-04-28,10297,5275
2017-04-21,11280,5979
2017-04-14,9793,5867
2017-04-07,9333,5033
2017-03-31,10022,5310
2017-03-24,10604,6210
2017-03-17,10284,5334
2017-03-10,9558,5685
2017-03-03,10446,6224
2017-02-24,9911,5335
2017-02-17,9485,5898
2017-02-10,10479,5533
2017-02-03,11916,5948
2017-01-27,10302,5289
2017-01-20,10290,5540
2017-01-13,10655,5314
2017-01-06,11121,5946
2016-12-30,9428,5672
2016-12-23,9876,6494
2016-12-16,10225,5431
2016-12-09,9344,5744
2016-12-02,10515,5266
2016-11-25,10061,5082
2016-11-18,9951,4812
2016-11-11,10907,5239
2016-11-04,9232,4890
2016-10-28,10957,4598
2016-10-21,9068,4600
2016-10-14,9127,3946
2016-10-07,9866,4611
2016-09-30,9968,5290
2016-09-23,9978,5464
2016-09-16,10343,5736
2016-09-09,10262,4203
2016-09-02,9103,4066
2016-08-26,11036,4976
2016-08-19,11169,4578
2016-08-12,10364,4578
2016-08-05,10607,4578
2016-07-29,10918,4578
2016-07-22,10796,4578
2016-07-15,10580,4492
2016-07-08,10114,4492
2016-07-01,10568,4492
2016-06-24,10466,4492
2016-06-17,10721,4218
2016-06-10,10048,4218
2016-06-03,10031,4218
2016-05-27,9898,4218
2016-05-20,9944,3998
2016-05-13,9787,3998
2016-05-06,9697,3998
2016-04-29,9858,3998
2016-04-22,10044,3998
2016-04-15,10026,4023
2016-04-08,10009,4023
2016-04-01,9468,4023
2016-03-25,9470,4772
2016-03-18,10254,4772
2016-03-11,9647,4772
2016-03-04,9989,4772
2016-02-26,10209,4772
2016-02-19,9800,4364
2016-02-12,10231,4364
2016-02-05,9043,4364
2016-01-29,10330,4364
2016-01-22,10008,4364
2016-01-15,10042,4343
2016-01-08,9861,4343
2016-01-01,9103,4343
2015-12-25,9462,4343
2015-12-18,8910,4343
2015-12-11,10429,4598
2015-12-04,10095,4598
2015-11-27,9416,4598
2015-11-20,9025,4598
2015-11-13,8437,4197
2015-11-06,9093,4197
2015-10-30,8155,4197
2015-10-23,8851,4197
2015-10-16,9165,4561
2015-10-09,9410,4561
2015-10-02,8802,4561
2015-09-25,9645,4561
2015-09-18,9123,4172
2015-09-11,8847,4172
2015-09-04,9371,4172
2015-08-28,9973,4172
2015-08-21,9247,4172
2015-08-14,10652,4460
2015-08-07,9917,4460
2015-07-31,9107,4460
2015-07-24,9711,4312
2015-07-17,10200,4312
2015-07-10,9453,4312
2015-07-03,9622,4312
2015-06-26,10067,4312
2015-06-19,8865,4312
2015-06-12,9372,3794
2015-06-05,8527,3794
2015-05-29,9105,3794
2015-05-22,8869,3794
2015-05-15,9427,3983
2015-05-08,9271,3983
2015-05-01,8076,3983
2015-04-24,9976,3983
2015-04-17,9941,4260
2015-04-10,9238,4260
2015-04-03,10306,4260
2015-03-27,9178,4260
2015-03-20,9216,4260
2015-03-13,9730,4427
2015-03-06,8344,4427
2015-02-27,9395,4427
2015-02-20,9563,4427
2015-02-13,9047,4092
2015-02-06,9198,4092
2015-01-30,9463,4092
2015-01-23,9841,4092
2015-01-16,9367,3759
2015-01-09,9396,3759
2015-01-02,9520,3759
2014-12-26,9144,3759
2014-12-19,10718,3759
2014-12-12,9445,3778
2014-12-05,9218,3778
2014-11-28,9060,3778
2014-11-21,8976,3778
2014-11-14,9203,4018
2014-11-07,8649,4018
2014-10-31,8607,4018
2014-10-24,8768,4018
2014-10-17,8747,3974
2014-10-10,9113,3974
2014-10-03,9197,3974
2014-09-26,8550,3974
2014-09-19,8504,3721
2014-09-12,9614,3721
2014-09-05,9259,3721
2014-08-29,9651,3721
2014-08-22,8881,3721
2014-08-15,9737,3807
2014-08-08,9763,3807
2014-08-01,8862,3807
2014-07-25,9419,3807
2014-07-18,9195,3392
2014-07-11,9102,3392
2014-07-04,9088,3392
2014-06-27,8800,3392
2014-06-20,8953,3392
2014-06-13,9272,3153
2014-06-06,8828,3153
2014-05-30,9458,3153
2014-05-23,9826,3153
2014-05-16,8709,3075
2014-05-09,9292,3075
2014-05-02,8857,3075
2014-04-25,9328,3075
2014-04-18,9667,3609
2014-04-11,10289,3609
2014-04-04,9119,3609
2014-03-28,8501,3609
2014-03-21,9504,3813
2014-03-14,9124,3813
2014-03-07,9155,3813
2014-02-28,9014,3813
2014-02-21,8638,3813
2014-02-14,9077,3722
2014-02-07,9700,3722
2014-01-31,8849,3722
2014-01-24,9914,3722
2014-01-17,9203,3641
2014-01-10,8267,3641
2014-01-03,9383,3641
2013-12-27,8818,3641
2013-12-20,9145,3641
2013-12-13,9739,3443
2013-12-06,8413,3443
2013-11-29,9786,3443
2013-11-22,9496,3443
2013-11-15,9442,3379
2013-11-08,9803,3379
2013-11-01,9301,3379
2013-10-25,9595,3379
2013-10-18,9389,3428
2013-10-11,10122,3428
2013-10-04,10037,3428
2013-09-27,10150,3428
2013-09-20,10076,3428
2013-09-13,9465,3245
2013-09-06,9523,3245
2013-08-30,10206,3245
2013-08-23,10405,3245
2013-08-16,9688,3245
2013-08-09,9691,2955
2013-08-02,10149,2955
2013-07-26,10208,2955
2013-07-19,10011,2955
2013-07-12,9903,2857
2013-07-05,9060,2857
2013-06-28,9150,2857
2013-06-21,10952,2857
2013-06-14,10208,2730
2013-06-07,9977,2730
2013-05-31,9311,2730
2013-05-24,10090,2730
2013-05-17,10403,2730
2013-05-10,9559,2893
2013-05-03,10213,2893
2013-04-26,10529,2893
2013-04-19,9621,2893
2013-04-12,9699,2894
2013-04-05,9832,2894
2013-03-29,9783,2894
2013-03-22,9723,2894
2013-03-15,8878,2894
2013-03-08,9735,3283
2013-03-01,9335,3283
2013-02-22,9738,3283
2013-02-15,9616,3091
2013-02-08,9579,3091
2013-02-01,9330,3091
2013-01-25,10203,3091
2013-01-18,9891,3091
2013-01-11,9808,2944
2013-01-04,10436,2944
2012-12-28,9037,2944
2012-12-21,10273,2944
2012-12-14,10819,2944
2012-12-07,10772,2819
2012-11-30,10506,2819
2012-11-23,9993,2819
2012-11-16,9885,2819
2012-11-09,10027,2819
2012-11-02,9772,2778
2012-10-26,9932,2778
2012-10-19,11166,2778
2012-10-12,10544,2778
2012-10-05,9753,2913
2012-09-28,10097,2913
2012-09-21,9642,2913
2012-09-14,12017,2913
2012-09-07,10794,2866
2012-08-31,10351,2866
2012-08-24,11605,2866
2012-08-17,10099,2866
2012-08-10,11129,2866
2012-08-03,10563,2846
2012-07-27,10129,2846
2012-07-20,12213,2846
2012-07-13,10658,2935
2012-07-06,10787,2935
2012-06-29,11068,2935
2012-06-22,11196,2935
2012-06-15,11865,2935
2012-06-08,11329,2935
2012-06-01,10917,2891
2012-05-25,10890,2891
2012-05-18,10514,2891
2012-05-11,11177,2891
2012-05-04,10610,2726
2012-04-27,10631,2726
2012-04-20,10625,2726
2012-04-13,10392,2726
2012-04-06,10350,2734
2012-03-30,11812,2734
2012-03-23,11039,2734
2012-03-16,10053,2734
2012-03-09,10487,3156
2012-03-02,10504,3156
2012-02-24,10879,3156
2012-02-17,11187,3156
2012-02-10,10610,3096
2012-02-03,10501,2921
2012-01-27,11308,2921
2012-01-20,11054,2921
2012-01-13,10136,2921
2012-01-06,11710,2880
2011-12-30,10898,2880
2011-12-23,11240,2880
2011-12-16,9683,2880
2011-12-09,11105,2880
2011-12-02,12089,2894
2011-11-25,11369,2894
2011-11-18,10830,2894
2011-11-11,10404,2793
2011-11-04,10637,2777
2011-10-28,11246,2777
2011-10-21,11377,2777
2011-10-14,9334,2777
2011-10-07,11042,2515
2011-09-30,10816,2515
2011-09-23,11622,2515
2011-09-16,10455,2515
2011-09-09,10473,2416
2011-09-02,10404,2416
2011-08-26,11521,2416
2011-08-19,11169,2416
2011-08-12,11245,2416
2011-08-05,11127,2309
2011-07-29,11390,2309
2011-07-22,12098,2309
2011-07-15,11520,2309
2011-07-08,11401,2453
2011-07-01,11977,2453
2011-06-24,11114,2453
2011-06-17,11611,2453
2011-06-10,11040,2453
2011-06-03,11367,2191
2011-05-27,12478,2191
2011-05-20,12246,2191
2011-05-13,10830,2191
2011-05-06,11583,2222
2011-04-29,11785,2222
2011-04-22,12353,2222
2011-04-15,10657,2222
2011-04-08,11007,2327
2011-04-01,11578,2327
2011-03-25,11518,2327
2011-03-18,11566,2327
2011-03-11,10710,2327
2011-03-04,10722,2168
2011-02-25,10226,2168
2011-02-18,10341,2168
2011-02-11,10796,2168
2011-02-04,11857,2241
2011-01-28,11916,2241
2011-01-21,11939,2241
2011-01-14,11725,2241
2011-01-07,11564,2252
2010-12-31,10186,2252
2010-12-24,11478,2252
2010-12-17,11695,2252
2010-12-10,10045,2252
2010-12-03,11690,2121
2010-11-26,10587,2121
2010-11-19,11508,2121
2010-11-12,10186,2121
2010-11-05,10457,2186
2010-10-29,10942,2186
2010-10-22,12171,2186
2010-10-15,11054,2186
2010-10-08,10447,2189
2010-10-01,11261,2189
2010-09-24,11594,2189
2010-09-17,11817,2189
2010-09-10,11268,2189
2010-09-03,11683,2062
2010-08-27,12424,2062
2010-08-20,12877,2062
2010-08-13,12473,2062
2010-08-06,12213,2120
2010-07-30,12502,2120
2010-07-23,13588,2120
2010-07-16,12412,2120
2010-07-09,11627,2025
2010-07-02,12440,2025
2010-06-25,12095,2025
2010-06-18,12436,2025
2010-06-11,11806,1785
2010-06-04,11550,1785
2010-05-28,12029,1785
2010-05-21,12750,1785
2010-05-14,12093,1785
2010-05-07,11845,1734
2010-04-30,13054,1734
2010-04-23,12504,1734
2010-04-16,12492,1734
2010-04-09,11057,1644
2010-04-02,12323,1644
2010-03-26,11630,1644
2010-03-19,11463,1644
2010-03-12,10591,1644
2010-03-05,11064,1712
2010-02-26,11952,1712
2010-02-19,11829,1712
2010-02-12,10900,1712
2010-02-05,11736,1680
2010-01-29,11373,1680
2010-01-22,10739,1680
2010-01-15,11155,1680
2010-01-08,11621,1945
2010-01-01,10952,1945
2009-12-25,10414,1945
2009-12-18,10129,1945
2009-12-11,10405,1945
2009-12-04,10647,1952
2009-11-27,11556,1952
2009-11-20,11720,1952
2009-11-13,11027,1952
2009-11-06,11170,1891
2009-10-30,10727,1891
2009-10-23,11433,1891
2009-10-16,11091,1891
2009-10-09,11265,1891
2009-10-02,12000,1898
2009-09-25,12227,1898
2009-09-18,12386,1898
2009-09-11,11251,1898
2009-09-04,11654,1846
2009-08-28,11794,1846
2009-08-21,11819,1846
2009-08-14,10329,1846
2009-08-07,11801,1894
2009-07-31,11630,1894
2009-07-24,12417,1894
2009-07-17,12077,1894
2009-07-10,12098,1894
2009-07-03,12092,1863
2009-06-26,11883,1863
2009-06-19,11668,1863
2009-06-12,11870,1863
2009-06-05,11522,1850
2009-05-29,12577,1850
2009-05-22,11945,1850
2009-05-15,11550,1850
2009-05-08,11164,1826
2009-05-01,12446,1826
2009-04-24,12444,1826
2009-04-17,12795,1735
2009-04-10,12261,1735
2009-04-03,12323,1735
2009-03-27,12717,1651
2009-03-20,12595,1651
2009-03-13,12164,1651
2009-03-06,12388,1651
2009-02-27,12523,1595
2009-02-20,11577,1595
2009-02-13,11497,1595
2009-02-06,12839,1514
2009-01-30,13122,1514
2009-01-23,13294,1514
2009-01-16,13585,1514
2009-01-09,12729,1514
2009-01-02,13698,1395
2008-12-26,12388,1395
2008-12-19,12780,1395
2008-12-12,12611,1395
2008-12-05,12773,1395
2008-11-28,12617,1772
2008-11-21,14007,1772
2008-11-14,12532,1772
2008-11-07,12086,1572
2008-10-31,13197,1595
2008-10-24,13320,1511
2008-10-17,13788,1511
2008-10-10,13671,1511
2008-10-03,14191,1511
2008-09-26,12666,1331
2008-09-19,10507,1331
2008-09-12,11370,1331
2008-09-05,11389,1331
2008-08-29,12634,1363
2008-08-22,13117,1501
2008-08-15,13917,1501
2008-08-08,12257,1501
2008-08-01,13333,1544
2008-07-25,13215,1451
2008-07-18,12897,1451
2008-07-11,13943,1451
2008-07-04,12538,1444
2008-06-27,13747,1444
2008-06-20,13547,1444
2008-06-13,13334,1444
2008-06-06,13103,1444
2008-05-30,13061,1529
2008-05-23,11875,1435
2008-05-16,12744,1435
2008-05-09,13393,1435
2008-05-02,14024,1435
2008-04-25,13989,1349
2008-04-18,13661,1349
2008-04-11,12029,1349
2008-04-04,12148,1349
2008-03-28,13473,1282
2008-03-21,12134,1282
2008-03-14,12582,1282
2008-03-07,13864,1282
2008-02-29,12579,1344
2008-02-22,13502,1344
2008-02-15,13672,1344
2008-02-08,13100,1344
2008-02-01,14730,1355
2008-01-25,13389,1238
2008-01-18,13754,1238
2008-01-11,13538,1238
2008-01-04,12904,1251
2007-12-28,13301,1251
2007-12-21,12907,1251
2007-12-14,12618,1251
2007-12-07,13501,1251
2007-11-30,13173,1272
2007-11-23,13421,1272
2007-11-16,13345,1272
2007-11-09,13647,1272
2007-11-02,13323,1272
2007-10-26,13108,1224
2007-10-19,12298,1224
2007-10-12,14244,1224
2007-10-05,13563,1224
2007-09-28,13518,1190
2007-09-21,13763,1190
2007-09-14,12949,1190
2007-09-07,12754,1190
2007-08-31,13304,1180
2007-08-24,13621,1229
2007-08-17,13998,1229
2007-08-10,13121,1229
2007-08-03,13643,1229
2007-07-27,13545,1191
2007-07-20,14291,1191
2007-07-13,13881,1191
2007-07-06,14019,1191
2007-06-29,14539,1241
2007-06-22,13901,1257
2007-06-15,14625,1257
2007-06-08,13805,1257
2007-06-01,14220,1247
2007-05-25,14028,1202
2007-05-18,14474,1202
2007-05-11,14591,1202
2007-05-04,14581,1221
2007-04-27,13782,1221
2007-04-20,13713,1221
2007-04-13,13451,1221
2007-04-06,13225,1221
2007-03-30,13701,1206
2007-03-23,13440,1206
2007-03-16,13787,1206
2007-03-09,13481,1206
2007-03-02,11610,1206
2007-02-23,12951,1249
2007-02-16,13082,1249
2007-02-09,12838,1249
2007-02-02,12780,1244
2007-01-26,13573,1244
2007-01-19,13232,1244
2007-01-12,14324,1244
2007-01-05,13041,1244
2006-12-29,13125,1283
2006-12-22,12106,1283
2006-12-15,11764,1283
2006-12-08,12915,1283
2006-12-01,13215,1296
2006-11-24,12755,1325
2006-11-17,13684,1325
2006-11-10,12406,1325
2006-11-03,12697,1325
2006-10-27,13282,1288
2006-10-20,12721,1288
2006-10-13,13277,1288
2006-10-06,13384,1188
2006-09-29,13216,1289
2006-09-22,14781,1189
2006-09-15,13923,1189
2006-09-08,14086,1189
2006-09-01,13698,1271
2006-08-25,14831,1133
2006-08-18,14574,1133
2006-08-11,13851,1133
2006-08-04,13596,1133
2006-07-28,15012,1240
2006-07-21,13932,1240
2006-07-14,14139,1240
2006-07-07,13268,1240
2006-06-30,13827,1234
2006-06-23,13648,1141
2006-06-16,14724,1141
2006-06-09,14323,1141
2006-06-02,14470,1141
2006-05-26,15119,1110
2006-05-19,13748,1110
2006-05-12,13869,1110
2006-05-05,14246,1110
2006-04-28,12737,1043
2006-04-21,13806,1093
2006-04-14,12501,1093
2006-04-07,12727,1093
2006-03-31,12736,1082
2006-03-24,13129,1038
2006-03-17,12632,1038
2006-03-10,13261,1038
2006-03-03,13121,1038
2006-02-24,13268,944
2006-02-17,13799,944
2006-02-10,14340,944
2006-02-03,13364,944
2006-01-27,12914,944
2006-01-20,13061,889
2006-01-13,14078,889
2006-01-06,13754,889
2005-12-30,13166,874
2005-12-23,13663,893
2005-12-16,13544,893
2005-12-09,14648,893
2005-12-02,13884,907
2005-11-25,13465,848
2005-11-18,13798,848
2005-11-11,13768,848
2005-11-04,15217,847
2005-10-28,14087,844
2005-10-21,14263,844
2005-10-14,14175,844
2005-10-07,13033,934
2005-09-30,12665,942
2005-09-23,13294,1099
2005-09-16,13704,1099
2005-09-09,12601,1099
2005-09-02,12435,1155
2005-08-26,14124,1155
2005-08-19,14040,1210
2005-08-12,13333,1190
2005-08-05,14485,1123
2005-07-29,14183,1130
2005-07-22,12918,1095
2005-07-15,13927,1095
2005-07-08,12993,1095
2005-07-01,13814,1138
2005-06-24,13834,1157
2005-06-17,13134,1157
2005-06-10,13709,1157
2005-06-03,12969,1157
2005-05-27,13687,1139
2005-05-20,13633,1098
2005-05-13,13891,1048
2005-05-06,13340,1012
2005-04-29,13331,1019
2005-04-22,13815,966
2005-04-15,12634,941
2005-04-08,12786,941
2005-04-01,12365,996
2005-03-25,13516,996
2005-03-18,13412,1012
2005-03-11,12886,1012
2005-03-04,13037,1019
2005-02-25,13370,1035
2005-02-18,12886,1085
2005-02-11,13286,989
2005-02-04,13059,989
2005-01-28,12936,983
2005-01-21,13405,983
2005-01-14,12752,983
2005-01-07,12144,983
2004-12-31,12647,983
2004-12-24,12461,983
2004-12-17,13086,983
2004-12-10,12907,977
2004-12-03,14018,924
2004-11-26,12974,965
2004-11-19,12944,965
2004-11-12,13300,1004
2004-11-05,13398,1004
2004-10-29,13407,1038
2004-10-22,13179,1038
2004-10-15,13146,1045
2004-10-08,13122,1045
2004-10-01,13282,969
2004-09-24,13231,969
2004-09-17,11175,993
2004-09-10,12445,991
2004-09-03,13490,991
2004-08-27,13141,991
2004-08-20,13476,991
2004-08-13,13044,994
2004-08-06,12523,994
2004-07-30,13228,983
2004-07-23,14364,936
2004-07-16,12286,936
2004-07-09,12599,936
2004-07-02,12833,936
2004-06-25,13532,959
2004-06-18,12743,946
2004-06-11,12643,946
2004-06-04,13145,946
2004-05-28,13714,957
2004-05-21,13004,957
2004-05-14,12986,964
2004-05-07,12679,975
2004-04-30,12137,967
2004-04-23,13160,967
2004-04-16,12941,967
2004-04-09,12112,967
2004-04-02,12810,984
2004-03-26,12938,984
2004-03-19,12773,984
2004-03-12,12486,984
2004-03-05,13073,984
2004-02-27,12575,932
2004-02-20,12623,932
2004-02-13,13119,932
2004-02-06,10643,932
2004-01-30,13188,974
2004-01-23,11234,994
2004-01-16,12604,994
2004-01-09,11634,994
2004-01-02,12078,988
2003-12-26,11899,988
2003-12-19,11756,988
2003-12-12,11198,988
2003-12-05,11474,988
2003-11-28,12032,874
2003-11-21,11555,899
2003-11-14,12391,909
2003-11-07,12314,931
2003-10-31,12632,948
2003-10-24,12305,976
2003-10-17,11558,976
2003-10-10,12371,976
2003-10-03,12474,976
2003-09-26,12123,952
2003-09-19,12988,962
2003-09-12,13334,962
2003-09-05,12037,974
2003-08-29,13226,996
2003-08-22,12666,971
2003-08-15,12779,971
2003-08-08,12243,971
2003-08-01,13022,981
2003-07-25,12915,962
2003-07-18,11970,962
2003-07-11,12432,962
2003-07-04,12250,962
2003-06-27,12259,972
2003-06-20,12175,976
2003-06-13,13187,976
2003-06-06,12656,976
2003-05-30,13079,968
2003-05-23,12679,960
2003-05-16,12914,960
2003-05-09,11445,960
2003-05-02,12578,960
2003-04-25,12138,973
2003-04-18,12920,973
2003-04-11,11819,973
2003-04-04,11457,973
2003-03-28,12719,981
2003-03-21,13064,981
2003-03-14,11613,981
2003-03-07,9840,983
2003-02-28,11550,903
2003-02-21,10602,903
2003-02-14,11039,903
2003-02-07,9777,903
2003-01-31,10450,886
2003-01-24,11211,956
2003-01-17,10841,956
2003-01-10,11097,956
2003-01-03,10569,956
2002-12-27,9847,1023
2002-12-20,11554,1023
2002-12-13,11822,1023
2002-12-06,12288,1023
2002-11-29,12176,969
2002-11-22,11831,969
2002-11-15,11988,969
2002-11-08,11465,969
2002-11-01,11840,987
2002-10-25,11442,938
2002-10-18,11909,958
2002-10-11,11315,958
2002-10-04,10870,958
2002-09-27,10722,931
2002-09-20,10967,931
2002-09-13,10664,931
2002-09-06,10911,931
2002-08-30,11349,937
2002-08-23,11714,984
2002-08-16,11512,984
2002-08-09,11116,984
2002-08-02,11093,984
2002-07-26,11340,989
2002-07-19,11316,989
2002-07-12,11312,989
2002-07-05,10159,964
2002-06-28,12022,964
2002-06-21,11800,964
2002-06-14,11198,964
2002-06-07,10868,964
2002-05-31,11055,952
2002-05-24,11438,963
2002-05-17,12141,963
2002-05-10,11010,963
2002-05-03,11868,963
2002-04-26,11739,971
2002-04-19,11438,971
2002-04-12,10500,971
2002-04-05,11493,971
2002-03-29,11529,929
2002-03-22,10061,929
2002-03-15,10398,929
2002-03-08,10178,929
2002-03-01,10433,929
2002-02-22,10043,929
2002-02-15,10533,929
2002-02-08,11205,929
2002-02-01,10799,952
2002-01-25,10828,895
2002-01-18,11031,895
2002-01-11,10545,895
2002-01-04,10995,895
2001-12-28,10290,930
2001-12-21,10756,930
2001-12-14,11119,930
2001-12-07,10815,930
2001-11-30,12104,934
2001-11-23,10553,977
2001-11-16,11220,977
2001-11-09,11749,977
2001-11-02,11701,977
2001-10-26,11452,1039
2001-10-19,11495,1039
2001-10-12,11117,1039
2001-10-05,11744,1039
2001-09-28,11862,1034
2001-09-21,11053,1034
2001-09-14,10579,1034
2001-09-07,11261,1034
2001-08-31,10502,1041
2001-08-24,11468,1042
2001-08-17,10972,1042
2001-08-10,10278,1042
2001-08-03,11134,1042
2001-07-27,11285,974
2001-07-20,11993,974
2001-07-13,12094,974
2001-07-06,10857,974
2001-06-29,11825,977
2001-06-22,11419,977
2001-06-15,10998,977
2001-06-08,10764,977
2001-06-01,11831,976
2001-05-25,11326,977
2001-05-18,12676,977
2001-05-11,11204,978
2001-05-04,12316,978
2001-04-27,12908,993
2001-04-20,11580,994
2001-04-13,11907,994
2001-04-06,11479,994
2001-03-30,11370,1005
2001-03-23,12145,1004
2001-03-16,11253,1004
2001-03-09,12854,1004
2001-03-02,11754,1000
2001-02-23,11808,1000
2001-02-16,10204,1000
2001-02-09,11558,1000
2001-02-02,12277,1000
2001-01-26,11859,1018
2001-01-19,10365,1018
2001-01-12,11345,1018
2001-01-05,12962,1018
2000-12-29,11442,989
2000-12-22,10280,989
2000-12-15,12405,989
2000-12-08,10912,989
2000-12-01,10980,987
2000-11-24,9998,978
2000-11-17,10592,978
2000-11-10,10975,978
2000-11-03,11907,978
2000-10-27,11218,1004
2000-10-20,12098,1004
2000-10-13,10959,1004
2000-10-06,11194,1004
2000-09-29,11166,1008
2000-09-22,11795,1008
2000-09-15,10823,1008
2000-09-08,11531,1008
2000-09-01,11583,1003
2000-08-25,11043,1003
2000-08-18,11239,1003
2000-08-11,11582,1003
2000-08-04,11679,1003
2000-07-28,10883,1001
2000-07-21,11766,1001
2000-07-14,11068,1001
2000-07-07,11599,1001
2000-06-30,10876,1005
2000-06-23,11777,995
2000-06-16,11283,995
2000-06-09,10892,995
2000-06-02,11048,995
2000-05-26,10717,969
2000-05-19,11933,969
2000-05-12,10517,969
2000-05-05,11330,969
2000-04-28,11117,982
2000-04-21,11515,982
2000-04-14,11006,982
2000-04-07,10799,982
2000-03-31,11113,1003
2000-03-24,10150,1003
2000-03-17,10755,1003
2000-03-10,10160,1003
2000-03-03,10664,953
2000-02-25,10220,953
2000-02-18,10711,953
2000-02-11,10242,953
2000-02-04,10279,962
2000-01-28,9457,962
2000-01-21,10558,962
2000-01-14,9229,962
2000-01-07,10306,962
1999-12-31,10030,970
1999-12-24,10081,970
1999-12-17,9696,970
1999-12-10,9196,970
1999-12-03,10303,970
1999-11-26,9412,926
1999-11-19,9777,926
1999-11-12,10297,926
1999-11-05,9913,940
1999-10-29,10742,940
1999-10-22,10008,940
1999-10-15,11081,940
1999-10-08,9925,940
1999-10-01,10860,965
1999-09-24,10514,965
1999-09-17,10819,965
1999-09-10,10000,965
1999-09-03,10162,984
1999-08-27,11219,984
1999-08-20,10838,984
1999-08-13,10432,984
1999-08-06,10396,984
1999-07-30,11364,965
1999-07-23,11547,965
1999-07-16,10919,965
1999-07-09,10075,965
1999-07-02,11219,965
1999-06-25,10341,959
1999-06-18,11280,959
1999-06-11,10412,959
1999-06-04,9927,959
1999-05-28,11414,954
1999-05-21,10591,954
1999-05-14,10921,954
1999-05-07,10744,986
1999-04-30,10131,986
1999-04-23,10593,986
1999-04-16,10787,986
1999-04-09,10560,986
1999-04-02,10450,953
1999-03-26,10900,953
1999-03-19,9367,953
1999-03-12,10680,953
1999-03-05,10652,953
1999-02-26,10901,929
1999-02-19,10449,929
1999-02-12,10479,929
1999-02-05,10388,929
1999-01-29,10189,987
1999-01-22,10287,987
1999-01-15,10763,987
1999-01-08,9825,987
1999-01-01,9434,1022
1998-12-25,10699,1022
1998-12-18,10939,1022
1998-12-11,11051,1022
1998-12-04,10889,1022
1998-11-27,9668,985
1998-11-20,11034,985
1998-11-13,9818,985
1998-11-06,10455,985
1998-10-30,10363,1010
1998-10-23,9982,1010
1998-10-16,9944,1010
1998-10-09,10704,1010
1998-10-02,10169,1010
1998-09-25,10900,982
1998-09-18,9405,982
1998-09-11,10455,982
1998-09-04,10054,982
1998-08-28,11234,966
1998-08-21,10664,965
1998-08-14,12191,965
1998-08-07,10690,966
1998-07-31,11094,955
1998-07-24,10844,960
1998-07-17,11111,960
1998-07-10,10781,963
1998-07-03,9508,963
1998-06-26,12063,936
1998-06-19,10012,936
1998-06-12,10746,936
1998-06-05,12066,936
1998-05-29,10670,937
1998-05-22,9645,937
1998-05-15,10537,937
1998-05-08,10641,937
1998-05-01,10046,940
1998-04-24,9642,956
1998-04-17,12217,956
1998-04-10,10093,956
1998-04-03,10238,955
1998-03-27,10893,952
1998-03-20,9768,952
1998-03-13,9670,952
1998-03-06,9703,952
1998-02-27,8506,952
1998-02-20,8567,952
1998-02-13,9884,952
1998-02-06,9964,952
1998-01-30,9407,904
1998-01-23,9860,904
1998-01-16,10666,904
1998-01-09,10210,904
1998-01-02,8749,980
1997-12-26,8705,980
1997-12-19,9916,980
1997-12-12,8430,980
1997-12-05,10024,980
1997-11-28,9815,964
1997-11-21,9170,964
1997-11-14,10927,964
1997-11-07,9051,964
1997-10-31,9937,975
1997-10-24,9277,967
1997-10-17,9704,967
1997-10-10,9989,967
1997-10-03,11416,967
1997-09-26,10782,969
1997-09-19,10322,986
1997-09-12,11035,986
1997-09-05,9189,986
1997-08-29,9745,884
1997-08-22,10205,884
1997-08-15,10686,884
1997-08-08,10132,884
1997-08-01,9672,890
1997-07-25,10006,881
1997-07-18,10493,881
1997-07-11,9013,881
1997-07-04,10952,881
1997-06-27,9822,881
1997-06-20,9134,881
1997-06-13,11451,881
1997-06-06,10811,881
1997-05-30,10258,940
1997-05-23,10444,946
1997-05-16,9697,946
1997-05-09,9711,946
1997-05-02,9927,946
1997-04-25,9853,951
1997-04-18,10461,952
1997-04-11,10054,952
1997-04-04,10227,952
1997-03-28,9467,992
1997-03-21,9136,983
1997-03-14,9717,984
1997-03-07,9816,984
1997-02-28,9585,928
1997-02-21,8911,943
1997-02-14,9121,947
1997-02-07,10278,1083
1997-01-31,8665,979
1997-01-24,10510,1283
1997-01-17,9316,1097
1997-01-10,9567,1169
1997-01-03,7944,983
1996-12-27,9762,1018
1996-12-20,8536,1132
1996-12-13,9710,1204
1996-12-06,10349,1016
1996-11-29,7798,943
1996-11-22,8652,1057
1996-11-15,8635,1129
1996-11-08,10221,1057
1996-11-01,9112,937
1996-10-25,10292,1212
1996-10-18,10564,913
1996-10-11,9284,913
1996-10-04,9960,917
1996-09-27,8191,993
1996-09-20,9280,882
1996-09-13,8960,882
1996-09-06,9262,996
1996-08-30,9275,875
1996-08-23,9933,895
1996-08-16,10415,895
1996-08-09,9349,898
1996-08-02,10306,1084
1996-07-26,9289,924
1996-07-19,9411,919
1996-07-12,9380,919
1996-07-05,9313,919
1996-06-28,9968,926
1996-06-21,9648,946
1996-06-14,10202,946
1996-06-07,9343,1132
1996-05-31,9805,916
1996-05-24,8779,916
1996-05-17,9171,943
1996-05-10,10824,943
1996-05-03,8776,943
1996-04-26,9568,977
1996-04-19,8869,977
1996-04-12,9691,977
1996-04-05,9141,977
1996-03-29,9445,925
1996-03-22,8612,925
1996-03-15,8705,925
1996-03-08,8424,925
1996-03-01,8208,925
1996-02-23,7065,925
1996-02-16,9069,925
1996-02-09,8350,925
1996-02-02,8888,954
1996-01-26,8861,954
1996-01-19,9217,954
1996-01-12,9456,954
1996-01-05,8233,934
1995-12-29,8431,850
1995-12-22,7844,850
1995-12-15,8539,850
1995-12-08,9940,850
1995-12-01,8403,849
1995-11-24,9126,835
1995-11-17,10074,835
1995-11-10,9401,835
1995-11-03,7768,835
1995-10-27,8249,723
1995-10-20,9081,828
1995-10-13,9249,828
1995-10-06,7433,828
1995-09-29,9221,877
1995-09-22,8586,843
1995-09-15,9448,843
1995-09-08,10135,843
1995-09-01,8556,784
1995-08-25,8809,831
1995-08-18,9452,831
1995-08-11,9654,831
1995-08-04,9068,831
1995-07-28,9351,900
1995-07-21,8301,898
1995-07-14,9728,898
1995-07-07,7739,898
1995-06-30,9476,927
1995-06-23,8129,932
1995-06-16,10976,932
1995-06-09,8250,932
1995-06-02,8931,932
1995-05-26,8556,932
1995-05-19,9249,967
1995-05-12,9152,967
1995-05-05,6796,967
1995-04-28,9335,1004
1995-04-21,9790,958
1995-04-14,7142,958
1995-04-07,8226,958
1995-03-31,9322,985
1995-03-24,7509,995
1995-03-17,8161,995
1995-03-10,9716,995
1995-03-03,7443,995
1995-02-24,7703,907
1995-02-17,8054,907
1995-02-10,9579,907
1995-02-03,6841,907
1995-01-27,7722,961
1995-01-20,7860,924
1995-01-13,8096,924
1995-01-06,8559,924
1994-12-30,8713,938
1994-12-23,8219,923
1994-12-16,8318,923
1994-12-09,9015,923
1994-12-02,7665,923
1994-11-25,8720,910
1994-11-18,9307,910
1994-11-11,9459,910
1994-11-04,8206,910
1994-10-28,8272,927
1994-10-21,8270,895
1994-10-14,8671,895
1994-10-07,8737,895
1994-09-30,9786,913
1994-09-23,8284,905
1994-09-16,9840,905
1994-09-09,8851,905
1994-09-02,10585,905
1994-08-26,8670,896
1994-08-19,10027,895
1994-08-12,9903,895
1994-08-05,8411,895
1994-07-29,9773,863
1994-07-22,9605,854
1994-07-15,9931,854
1994-07-08,9763,854
1994-07-01,8561,875
1994-06-24,9689,886
1994-06-17,10286,886
1994-06-10,9218,886
1994-06-03,8726,886
1994-05-27,8760,914
1994-05-20,8479,886
1994-05-13,9044,886
1994-05-06,9665,886
1994-04-29,8488,880
1994-04-22,9717,871
1994-04-15,8305,871
1994-04-08,8769,871
1994-04-01,8638,848
1994-03-25,7455,872
1994-03-18,9690,872
1994-03-11,8110,872
1994-03-04,7851,872
1994-02-25,7931,924
1994-02-18,8733,871
1994-02-11,7993,871
1994-02-04,8910,871
1994-01-28,7769,893
1994-01-21,6910,866
1994-01-14,7927,866
1994-01-07,8058,866
1993-12-31,7985,864
1993-12-24,7131,864
1993-12-17,8333,876
1993-12-10,9202,876
1993-12-03,9710,876
1993-11-26,6960,865
1993-11-19,8553,860
1993-11-12,9359,860
1993-11-05,7713,860
1993-10-29,9346,848
1993-10-22,8525,848
1993-10-15,9346,858
1993-10-08,8135,858
1993-10-01,8139,914
1993-09-24,8131,885
1993-09-17,7871,885
1993-09-10,8034,866
1993-09-03,7863,866
1993-08-27,9635,816
1993-08-20,7483,845
1993-08-13,8100,845
1993-08-06,9073,845
1993-07-30,8024,842
1993-07-23,7201,856
1993-07-16,9559,850
1993-07-09,8268,954
1993-07-02,7907,954
1993-06-25,8342,1002
1993-06-18,9440,1004
1993-06-11,8657,1004
1993-06-04,7667,1004
1993-05-28,8683,962
1993-05-21,7904,962
1993-05-14,9061,962
1993-05-07,8048,962
1993-04-30,9418,981
1993-04-23,8715,986
1993-04-16,7976,986
1993-04-09,8956,986
1993-04-02,7501,986
1993-03-26,9226,1021
1993-03-19,7426,1021
1993-03-12,8706,1021
1993-03-05,7165,1021
1993-02-26,8335,1044
1993-02-19,7574,1029
1993-02-12,8245,1029
1993-02-05,8280,1029
1993-01-29,8132,1102
1993-01-22,8423,1103
1993-01-15,7840,1103
1993-01-08,8824,1103
1993-01-01,7963,1071
1992-12-25,7110,1071
1992-12-18,8256,1061
1992-12-11,8353,1061
1992-12-04,8197,1061
1992-11-27,7999,990
1992-11-20,8366,1011
1992-11-13,7003,1011
1992-11-06,8495,1011
1992-10-30,8563,1072
1992-10-23,7601,1072
1992-10-16,10208,1062
1992-10-09,8342,1062
1992-10-02,8092,1062
1992-09-25,7736,1016
1992-09-18,8437,994
1992-09-11,8479,994
1992-09-04,7426,994
1992-08-28,7974,972
1992-08-21,8085,947
1992-08-14,9476,947
1992-08-07,7492,947
1992-07-31,8432,981
1992-07-24,7832,981
1992-07-17,8279,972
1992-07-10,9540,972
1992-07-03,7580,972
1992-06-26,6779,957
1992-06-19,7837,945
1992-06-12,7633,945
1992-06-05,8135,945
1992-05-29,7355,986
1992-05-22,8421,986
1992-05-15,7527,986
1992-05-08,7685,986
1992-05-01,7830,1057
1992-04-24,7324,1057
1992-04-17,7796,1114
1992-04-10,8402,1114
1992-04-03,6990,1114
1992-03-27,7079,1195
1992-03-20,6808,1090
1992-03-13,7238,1090
1992-03-06,6586,1090
1992-02-28,8264,1029
1992-02-21,5921,1039
1992-02-14,7926,1039
1992-02-07,5775,1039
1992-01-31,7713,1007
1992-01-24,6803,1007
1992-01-17,7479,976
1992-01-10,8059,976
1992-01-03,6157,976
1991-12-27,7714,1020
1991-12-20,7322,983
1991-12-13,7950,983
1991-12-06,8463,983
1991-11-29,6384,1042
1991-11-22,7637,1009
1991-11-15,8220,1009
1991-11-08,7757,1009
1991-11-01,6717,1032
1991-10-25,7120,1032
1991-10-18,7539,1047
1991-10-11,7324,1047
1991-10-04,6943,1047
1991-09-27,7747,798
1991-09-20,9087,798
1991-09-13,7381,798
1991-09-06,8393,798
1991-08-30,7908,1002
1991-08-23,8413,1002
1991-08-16,9154,1002
1991-08-09,8072,1002
1991-08-02,7537,1002
1991-07-26,7152,882
1991-07-19,8478,882
1991-07-12,7274,882
1991-07-05,6552,882
1991-06-28,9091,1062
1991-06-21,7615,1062
1991-06-14,7989,1062
1991-06-07,8433,1062
1991-05-31,8805,892
1991-05-24,7965,892
1991-05-17,7470,892
1991-05-10,8446,892
1991-05-03,7088,892
1991-04-26,7333,871
1991-04-19,6505,871
1991-04-12,7549,871
1991-04-05,7285,871
1991-03-29,6732,1025
1991-03-22,6741,1025
1991-03-15,6041,1025
1991-03-08,7127,1025
1991-03-01,6188,1510
1991-02-22,6221,1510
1991-02-15,6573,1224
1991-02-08,6877,1224
